_id,OBJECTID,ID,ADDRESSNUMBERTEXT,ADDRESSSTREET,FRONTINGSTREET,SIDE,FROMSTREET,DIRECTION,SITEID,WARD,BIA,ASSETTYPE,STATUS,BARCODE,SDE_STATE_ID,X,Y,LONGITUDE,LATITUDE,geometry
126699,1,IP-00893,1,Queen St E,Queen St E,South,Yonge St,East,TO360-04.04,13,Downtown Yonge,TO360,Existing,,0,314557.5,4834723.842,-79.37903662800001,43.652393864,"{u'type': u'Point', u'coordinates': (-79.3790366257, 43.6523938653)}"
126700,2,IP-00890,160,Queen St W,Queen St W,North,University Ave,West,TO360-04.01,10,,TO360,Existing,,0,313920.439,4834560.925,-79.386936983,43.65093547399999,"{u'type': u'Point', u'coordinates': (-79.3869369832, 43.6509354778)}"
126701,13,IP-00905,317,Dundas St W,Dundas St W,South,Beverley St,East,TO360-04.10,10,,TO360,Existing,,0,313383.25399999996,4834877.93,-79.39359123,43.653795335,"{u'type': u'Point', u'coordinates': (-79.3935912355, 43.6537953408)}"
126702,14,IP-00906,317,Dundas St W,Mc Caul St,West,Dundas St W,South,TO360-04.11,10,,TO360,Existing,,0,313552.648,4834917.931,-79.391490566,43.654153423000004,"{u'type': u'Point', u'coordinates': (-79.3914905707, 43.6541534293)}"
126703,15,IP-00907,438,University Ave,Dundas St W,South,University Ave,West,TO360-04.12,10,,TO360,Existing,,0,313782.021,4834980.891,-79.388645917,43.654717413,"{u'type': u'Point', u'coordinates': (-79.388645917, 43.654717419)}"
126704,16,IP-00908,443,University Ave,University Ave,East,Dundas St W,South,TO360-04.13,10,,TO360,Existing,,0,313836.895,4834975.558,-79.387965713,43.654668751,"{u'type': u'Point', u'coordinates': (-79.3879657103, 43.6546687501)}"
126705,17,IP-00910,294,Yonge St,Yonge St,West,Dundas St W,South,TO360-04.15,13,Downtown Yonge,TO360,Existing,,0,314405.375,4835136.496,-79.380915164,43.656110276999996,"{u'type': u'Point', u'coordinates': (-79.3809151701, 43.6561102825)}"
126706,18,IP-00911,302,Yonge St,Dundas St W,North,Yonge St,West,TO360-04.16,11,Downtown Yonge,TO360,Existing,,0,314385.734,4835162.722,-79.381158207,43.656346602,"{u'type': u'Point', u'coordinates': (-79.3811582078, 43.6563466048)}"
126707,20,IP-00914,525,University Ave,University Ave,East,Elm St,South,TO360-04.20,11,,TO360,Existing,,0,313785.688,4835151.469,-79.388597623,43.656252807,"{u'type': u'Point', u'coordinates': (-79.3885976172, 43.6562528046)}"
126708,21,IP-00916,711,Bay St,Bay St,East,Gerrard St W,North,TO360-04.22,11,Downtown Yonge,TO360,Existing,,0,314088.916,4835426.039,-79.384833551,43.658720572,"{u'type': u'Point', u'coordinates': (-79.3848335538, 43.6587205749)}"
126709,22,IP-00918,1,College St,College St,South,Yonge St,West,TO360-04.37,11,Downtown Yonge,TO360,Temporarily Removed,,0,314198.55199999997,4835703.7069999995,-79.383469424,43.661218576,"{u'type': u'Point', u'coordinates': (-79.3834694265, 43.661218578)}"
126710,23,IP-00919,,,College St,North,University Ave,East,TO360-04.39,11,,TO360,Existing,,0,313680.341,4835578.471,-79.38989665300001,43.660097653,"{u'type': u'Point', u'coordinates': (-79.3898966584, 43.6600976569)}"
126711,24,IP-00920,671,University Ave,University Ave,East,College St,South,TO360-04.35,11,,TO360,Existing,,0,313667.767,4835521.947,-79.390053489,43.659589016000005,"{u'type': u'Point', u'coordinates': (-79.3900534859, 43.6595890157)}"
126712,25,IP-00921,129,College St,College St,South,University Ave,West,TO360-04.34,11,,TO360,Existing,,0,313603.137,4835531.902,-79.390854629,43.659679388,"{u'type': u'Point', u'coordinates': (-79.3908546336, 43.6596793919)}"
126713,26,IP-00925,260,College St,College St,North,University Ave,East,TO360-04.30,11,,TO360,Existing,,0,312892.54,4835352.725,-79.39966761,43.658074626,"{u'type': u'Point', u'coordinates': (-79.3996676158, 43.6580746323)}"
126714,27,IP-00926,130,St George St,St George St,West,Harbord St,North,TO360-04.32,11,,TO360,Existing,,0,312979.091,4836031.069,-79.398584274,43.664179684,"{u'type': u'Point', u'coordinates': (-79.3985842692, 43.6641796838)}"
126715,28,IP-00929,75,Queen's Park,Queen's Park,East,Queen's Park Cres E,North,TO360-04.52,11,,TO360,Existing,,0,313427.828,4836275.465,-79.39301631100001,43.666374493,"{u'type': u'Point', u'coordinates': (-79.3930163072, 43.6663744992)}"
126716,29,IP-00932,7,Queen's Park Cres E,Queen's Park Cres E,East,Grosvenor St,South,TO360-04.41,11,,TO360,Existing,,0,313691.348,4835751.883,-79.38975732899999,43.66165846,"{u'type': u'Point', u'coordinates': (-79.3897573318, 43.6616584636)}"
126717,30,IP-00934,900,Bay St,Wellesley St E,South,Bay St,West,TO360-04.44,11,,TO360,Existing,,0,313885.36199999996,4836038.3610000005,-79.387346963,43.664234793999995,"{u'type': u'Point', u'coordinates': (-79.3873469602, 43.6642347997)}"
126718,31,IP-00935,566,Yonge St,Yonge St,West,Wellesley St W,South,TO360-04.45,13,,TO360,Existing,,0,314106.592,4836100.62,-79.384602773,43.664792475,"{u'type': u'Point', u'coordinates': (-79.3846027728, 43.6647924768)}"
126719,33,IP-00284,55,Front St W,Front St W,South,Bay St,East,TOP-01.03,10,Financial District,TO360,Existing,,0,314576.544,4834007.578,-79.378813499,43.645946273999996,"{u'type': u'Point', u'coordinates': (-79.3788135019, 43.6459462772)}"
126720,34,IP-00302,200,King St W,Simcoe St,East,King St W,North,TOP-01.23,10,Financial District,TO360,Existing,,0,313994.749,4834182.524,-79.386022233,43.647528446,"{u'type': u'Point', u'coordinates': (-79.3860222299, 43.6475284449)}"
126721,35,IP-00298,150,King St W,University Ave,East,King St W,North,TOP-01.14,10,Financial District,TO360,Existing,,0,314099.429,4834215.107,-79.384724058,43.647820436,"{u'type': u'Point', u'coordinates': (-79.3847240622, 43.6478204347)}"
126722,36,IP-00046,110,Yonge St,Yonge St,West,Adelaide St W,South,990575,13,Financial District,Info Pillar,Existing,00P50064,0,314606.705,4834479.453,-79.378431068,43.65019339,"{u'type': u'Point', u'coordinates': (-79.3784310717, 43.6501933898)}"
126723,38,IP-00294,244,Bay St,Bay St,West,King St W,South,TOP-01.26,10,Financial District,TO360,Existing,,0,314458.23600000003,4834286.41,-79.380275021,43.648457687,"{u'type': u'Point', u'coordinates': (-79.3802750169, 43.648457686)}"
126724,39,IP-00292,333,Bay St,Bay St,East,Adelaide St W,North,TOP-01.22,13,Financial District,TO360,Existing,,0,314419.674,4834465.694,-79.38074984100001,43.65007198,"{u'type': u'Point', u'coordinates': (-79.3807498436, 43.6500719825)}"
126725,40,IP-00205,1033,King St W,King St W,South,Douro St,East,990747,10,,Info Pillar,Existing,00P50196,0,311560.747,4833466.864,-79.416202949,43.64111263,"{u'type': u'Point', u'coordinates': (-79.4162029464, 43.6411126316)}"
126726,41,IP-00301,97,Front St W,Front St W,South,York St,East,TOP-01.13,10,Toronto Entertainment District,TO360,Existing,,0,314306.739,4833925.959,-79.382159336,43.645215088,"{u'type': u'Point', u'coordinates': (-79.382159336, 43.6452150925)}"
126727,42,IP-00291,394,Bay St,Bay St,West,Queen St W,South,TOP-01.21,10,Financial District,TO360,Existing,,0,314341.849,4834649.381,-79.381711351,43.651726409,"{u'type': u'Point', u'coordinates': (-79.3817113531, 43.6517264142)}"
126728,43,IP-00006,24,St Clair Ave W,St Clair Ave W,North,Yonge St,West,990600B,12,Yonge & St. Clair,Info Pillar,Existing,00P50166,0,313286.305,4838685.058999999,-79.394733255,43.688065611000006,"{u'type': u'Point', u'coordinates': (-79.3947332571, 43.6880656154)}"
126729,44,IP-00312,181,University Ave,University Ave,East,Adelaide St W,North,990759,10,Financial District,Info Pillar,Existing,00P50014,0,314039.983,4834353.661,-79.385458579,43.64906835,"{u'type': u'Point', u'coordinates': (-79.3854585848, 43.6490683479)}"
126730,46,IP-00290,330,King St W,John St,West,King St W,North,TOP-01.15,10,Toronto Entertainment District,TO360,Existing,,0,313665.018,4834076.239,-79.390111302,43.646575733,"{u'type': u'Point', u'coordinates': (-79.3901112998, 43.6465757386)}"
126731,48,IP-00289,60,Simcoe St,King St W,South,Simcoe St,West,TOP-01.12,10,Toronto Entertainment District,TO360,Temporarily Removed,,0,313982.067,4834153.686000001,-79.386179926,43.647269019,"{u'type': u'Point', u'coordinates': (-79.3861799254, 43.6472690207)}"
126732,49,IP-00285,63,Front St E,Front St E,South,Church St,West,TOP-01.05,13,St. Lawrence Market Neighbourhood,TO360,Existing,,0,314962.05,4834261.603,-79.374030144,43.648227678000005,"{u'type': u'Point', u'coordinates': (-79.374030142, 43.6482276782)}"
126733,51,IP-00299,22,The Esplanade,The Esplanade,North,Scott St,East,TOP-01.08,13,St. Lawrence Market Neighbourhood,TO360,Existing,,0,314870.586,4834068.362,-79.375167533,43.646489489,"{u'type': u'Point', u'coordinates': (-79.3751675391, 43.6464894931)}"
126734,54,IP-00303,40,York St,University Ave,North,York St,West,TOP-01.11,10,Toronto Entertainment District,TO360,Existing,,0,314258.024,4833964.907,-79.382762497,43.645566296999995,"{u'type': u'Point', u'coordinates': (-79.3827624991, 43.645566298)}"
126735,55,IP-00293,121,King St W,King St W,South,York St,East,TOP-01.24,10,Financial District,TO360,Existing,,0,314221.48,4834229.773,-79.383210857,43.64795091,"{u'type': u'Point', u'coordinates': (-79.3832108625, 43.6479509128)}"
126736,56,IP-00295,243,Bay St,King St W,South,Bay St,East,TOP-01.01,13,Financial District,TO360,Existing,,0,314487.356,4834308.326,-79.379913649,43.648654583,"{u'type': u'Point', u'coordinates': (-79.3799136486, 43.6486545808)}"
126737,57,IP-00036,145,Queen St W,University Ave,East,Queen St W,South,990595,10,Toronto Entertainment District,Info Pillar,Existing,00P50058,0,313989.325,4834498.169,-79.386084097,43.650369741000006,"{u'type': u'Point', u'coordinates': (-79.386084096, 43.6503697417)}"
126738,59,IP-00041,110,Spadina Ave,Spadina Ave,West,Adelaide St W,North,990525,10,,Info Pillar,Existing,00P50066,0,313205.419,4834112.509,-79.395807804,43.646907547,"{u'type': u'Point', u'coordinates': (-79.3958078082, 43.6469075521)}"
126739,66,IP-00069,5140,Yonge St,Yonge St,West,Park Home Ave,South,990643B,18,,Info Pillar,Existing,00P50056,0,311814.933,4847603.728,-79.41286829399999,43.768359936,"{u'type': u'Point', u'coordinates': (-79.4128682928, 43.7683599376)}"
126740,67,IP-00071,3080,Yonge St,Yonge St,West,Lawrence Ave W,North,990639,8,Yonge Lawrence Village,Info Pillar,Temporarily Removed,00P50048,0,312653.618,4842885.567,-79.40252003100001,43.725882433,"{u'type': u'Point', u'coordinates': (-79.4025200371, 43.7258824328)}"
126741,72,IP-00221,1465,Dundas St W,Dundas St W,South,Federal St,East,880021,9,Little Portugal,Info Pillar - Non Ad,Existing,J1880021,0,310390.583,4834402.671,-79.430697018,43.649545878999994,"{u'type': u'Point', u'coordinates': (-79.4306970181, 43.6495458814)}"
126742,75,IP-00230,3224,Yonge St,Yonge St,West,Cranbrooke Ave,South,880028,8,Yonge Lawrence Village,Info Pillar - Non Ad,Existing,J2580028,0,312588.493,4843221.468,-79.403323512,43.728906637,"{u'type': u'Point', u'coordinates': (-79.4033235119, 43.7289066403)}"
126743,78,IP-00236,650,Danforth Ave,Danforth Ave,North,Pape Ave,West,880034,14,Greektown on the Danforth,Info Pillar - Non Ad,Temporarily Removed,J2980034,0,317280.382,4837678.935,-79.345212935,43.678952848,"{u'type': u'Point', u'coordinates': (-79.3452129313, 43.6789528543)}"
126744,80,IP-00240,10,Lower Jarvis St,Lower Jarvis St,West,Lake Shore Blvd E,South,880038,10,,Info Pillar - Non Ad,Existing,J2880038,0,315299.989,4833942.933,-79.369847222,43.645354526000006,"{u'type': u'Point', u'coordinates': (-79.3698472181, 43.645354527)}"
126745,85,IP-00107,5095,Yonge St,Yonge St,East,Empress Ave,South,990643A,18,,Info Pillar,Existing,00P50038,0,311841.797,4847621.323,-79.412534384,43.768518053,"{u'type': u'Point', u'coordinates': (-79.4125343877, 43.7685180582)}"
126746,86,IP-00141,1541,Avenue Rd,Avenue Rd,East,Douglas Ave,South,990686,8,,Info Pillar,Existing,00P50110,0,311576.157,4842598.703,-79.415897194,43.723310923999996,"{u'type': u'Point', u'coordinates': (-79.4158971977, 43.7233109256)}"
126747,91,IP-00014,325,Bloor St W,Bloor St W,South,St George St,West,990583A,11,,Info Pillar,Existing,00P50116,0,312836.519,4836379.242,-79.400346887,43.667315251000005,"{u'type': u'Point', u'coordinates': (-79.4003468879, 43.6673152562)}"
126748,93,IP-00018,559,College St,College St,South,Manning Ave,East,990565,11,Little Italy,Info Pillar,Existing,00P50040,0,311865.907,4835058.8889999995,-79.412399773,43.655440178999996,"{u'type': u'Point', u'coordinates': (-79.4123997772, 43.6554401773)}"
126749,94,IP-00020,267,College St,Spadina Ave,East,College St,South,990603,11,Chinatown,Info Pillar,Existing,00P50122,0,312884.13,4835314.304,-79.399772462,43.657728885,"{u'type': u'Point', u'coordinates': (-79.3997724592, 43.6577288834)}"
126750,95,IP-00022,101,College St,College St,South,University Ave,East,990567,11,,Info Pillar,Existing,00P50044,0,313784.32300000003,4835589.94,-79.38860725,43.660199645,"{u'type': u'Point', u'coordinates': (-79.388607244, 43.6601996441)}"
126751,96,IP-00023,429,Danforth Ave,Danforth Ave,South,Arundel Ave,West,990589,14,Greektown on the Danforth,Info Pillar,Existing,00P50068,0,316820.124,4837535.11,-79.350924429,43.677665825,"{u'type': u'Point', u'coordinates': (-79.3509244349, 43.6776658313)}"
126752,101,IP-00265,327,Bathurst St,Bathurst St,East,Dundas St W,South,880058,10,,Info Pillar - Non Ad,Existing,J2080058,0,312402.936,4834674.172,-79.405747332,43.651971907,"{u'type': u'Point', u'coordinates': (-79.4057473361, 43.6519719114)}"
126753,103,IP-00270,1071,Queen St W,Queen St W,South,White Squirrel Way,West,880063,10,West Queen West,Info Pillar - Non Ad,Existing,J1980063,0,311133.216,4833741.563999999,-79.421498812,43.64358907,"{u'type': u'Point', u'coordinates': (-79.4214988164, 43.6435890683)}"
126754,104,IP-00272,370,Dundas St W,Dundas St W,North,Beverley St,East,880065,11,,Info Pillar - Non Ad,Temporarily Removed,J2080065,0,313396.75800000003,4834895.985,-79.393423536,43.653957701,"{u'type': u'Point', u'coordinates': (-79.3934235359, 43.653957704)}"
126755,106,IP-00276,790,Queen St W,Queen St W,North,Strachan Ave,West,880069,10,West Queen West,Info Pillar - Non Ad,Existing,J1980069,0,311762.697,4833932.561000001,-79.41369384800001,43.645302679,"{u'type': u'Point', u'coordinates': (-79.4136938499, 43.6453026769)}"
126756,107,IP-00279,351,College St,College St,South,Augusta Ave,West,880077,11,Kensington Market,Info Pillar - Non Ad,Existing,J2080077,0,312589.313,4835254.788,-79.403428471,43.657196307,"{u'type': u'Point', u'coordinates': (-79.4034284718, 43.6571963062)}"
126757,114,IP-00242,,,Lower Jarvis St,East,The Esplanade,South,880040,10,St. Lawrence Market Neighbourhood,Info Pillar - Non Ad,Existing,J2880040,0,315228.499,4834253.138,-79.370727379,43.64814779100001,"{u'type': u'Point', u'coordinates': (-79.3707273833, 43.6481477945)}"
126758,115,IP-00245,,,Queen St E,North,Church St,West,880043,13,,Info Pillar - Non Ad,Existing,J2780043,0,314805.012,4834817.703,-79.375966496,43.653235452,"{u'type': u'Point', u'coordinates': (-79.3759664966, 43.6532354517)}"
126759,117,IP-00251,20,Eglinton Ave W,Eglinton Ave W,North,Duplex Ave,East,990753,8,,Info Pillar,Temporarily Removed,00P50202,0,312891.983,4840740.0139999995,-79.39959368,43.706567228000004,"{u'type': u'Point', u'coordinates': (-79.3995936811, 43.7065672266)}"
126760,118,IP-00252,821,Eglinton Ave W,Eglinton Ave W,South,Bathurst St,East,990754,12,,Info Pillar,Existing,00P50204,0,310861.539,4840125.287,-79.42479457399999,43.701053252,"{u'type': u'Point', u'coordinates': (-79.4247945721, 43.7010532574)}"
126761,119,IP-00256,483,Bay St,Bay St,East,Albert St,North,880044,13,Downtown Yonge,Info Pillar - Non Ad,Existing,J2780044,0,314264.453,4834825.68,-79.382667723,43.65331433,"{u'type': u'Point', u'coordinates': (-79.3826677265, 43.65331433)}"
126762,122,IP-00091,3410,Yonge St,Yonge St,West,Melrose Ave,North,990641,8,Yonge Lawrence Village,Info Pillar,Existing,00P50052,0,312500.4,4843690.506,-79.404410271,43.73312947,"{u'type': u'Point', u'coordinates': (-79.4044102708, 43.7331294748)}"
126763,125,IP-00266,655,Queen St W,Bathurst St,West,Queen St W,South,880059,10,West Queen West,Info Pillar - Non Ad,Existing,J1980059,0,312540.536,4834118.462,-79.404049489,43.646968353000005,"{u'type': u'Point', u'coordinates': (-79.4040494914, 43.646968352)}"
126764,126,IP-00269,627,Queens Quay W,Queens Quay W,South,Eireann Quay,East,880062,10,The Waterfront,Info Pillar - Non Ad,Existing,J2080062,0,313074.094,4832926.813999999,-79.39745384300001,43.636236153999995,"{u'type': u'Point', u'coordinates': (-79.3974538433, 43.6362361558)}"
126765,136,IP-00127,123,Queen St W,Queen St W,South,York St,East,990677,10,Financial District,Info Pillar,Existing,00P50104,0,314134.479,4834596.454,-79.38428299,43.651252633,"{u'type': u'Point', u'coordinates': (-79.3842829925, 43.6512526314)}"
126766,137,IP-00129,33,Yonge St,Front St E,North,Yonge St,East,990680,13,St. Lawrence Market Neighbourhood,Info Pillar,Existing,00P50192,0,314742.1,4834132.877,-79.376759028,43.64707194100001,"{u'type': u'Point', u'coordinates': (-79.3767590285, 43.647071943)}"
126767,138,IP-00131,200,Bloor St E,Bloor St E,North,Ted Rogers Way,West,990682,11,,Info Pillar,Existing,00P50136,0,314363.261,4836849.461,-79.381406938,43.671529766999996,"{u'type': u'Point', u'coordinates': (-79.381406938, 43.6715297726)}"
126768,142,IP-00197,33,Yonge St,Wellington St E,South,Yonge St,East,990739,13,St. Lawrence Market Neighbourhood,Info Pillar,Existing,00P50194,0,314711.432,4834216.613,-79.377137642,43.647826083000005,"{u'type': u'Point', u'coordinates': (-79.3771376478, 43.6478260889)}"
126769,143,IP-00201,1661,Queen St E,Queen St E,South,Eastern Ave,East,990743,19,,Info Pillar,Existing,00P50188,0,319793.061,4836336.24,-79.314087065,43.666820433000005,"{u'type': u'Point', u'coordinates': (-79.3140870662, 43.6668204371)}"
126770,145,IP-00207,1255,Bay St,Bay St,East,Yorkville Ave,South,990746,11,Bloor-Yorkville,Info Pillar,Existing,00P50208,0,313670.484,4836815.1,-79.389998552,43.671229063999995,"{u'type': u'Point', u'coordinates': (-79.3899985463, 43.6712290685)}"
126771,146,IP-00208,350,King St W,King St W,North,John St,West,880013,10,Toronto Entertainment District,Info Pillar - Non Ad,Temporarily Removed,J2080013,0,313671.378,4834078.6280000005,-79.390032429,43.646597162,"{u'type': u'Point', u'coordinates': (-79.3900324236, 43.646597167)}"
126772,147,IP-00214,2770,Yonge St,Yonge St,West,Glengrove Ave,South,990752,8,Uptown Yonge,Info Pillar,Existing,00P50198,0,312770.95,4842118.127,-79.401075066,43.71897327600001,"{u'type': u'Point', u'coordinates': (-79.4010750689, 43.7189732745)}"
126773,148,IP-00030,20,Dundas St W,Dundas St W,North,Yonge St,West,990564,11,Downtown Yonge,Info Pillar,Existing,00P50036,0,314308.344,4835134.616,-79.382118159,43.656094601999996,"{u'type': u'Point', u'coordinates': (-79.3821181647, 43.6560946068)}"
126774,151,IP-00866,15,York St,York St,East,Lake Shore Blvd W,North,TO360-02.02,10,Toronto Entertainment District,TO360,Existing,,0,314403.57300000003,4833568.259,-79.380965388,43.641994066,"{u'type': u'Point', u'coordinates': (-79.3809653915, 43.6419940651)}"
126775,152,IP-00872,363,Bremner Blvd,Bremner Blvd,South,Spadina Ave,East,TO360-02.08,10,Toronto Entertainment District,TO360,Existing,,0,313464.38300000003,4833409.436000001,-79.392609011,43.640575969,"{u'type': u'Point', u'coordinates': (-79.3926090126, 43.6405759709)}"
126776,153,IP-01000,625,Bloor St E,Parliament St,East,Bloor St E,South,TO360-07.12,13,,TO360,Existing,,0,315221.905,4836877.895,-79.370758451,43.671774166999995,"{u'type': u'Point', u'coordinates': (-79.3707584543, 43.671774173)}"
126777,154,IP-01010,777,Victoria Park Ave,Victoria Park Ave,East,Denton Ave,North,TO360-07.23,20,,TO360,Existing,,0,321770.222,4839413.449,-79.289473729,43.694476666999996,"{u'type': u'Point', u'coordinates': (-79.2894737283, 43.6944766711)}"
126778,155,IP-01026,1020,Yonge St,Yonge St,West,Crescent Rd,South,TO360-08.01,11,Rosedale Main Street,TO360,Existing,,0,313704.792,4837434.2469999995,-79.389562885,43.676801791,"{u'type': u'Point', u'coordinates': (-79.3895628794, 43.6768017907)}"
126779,156,IP-00891,145,Queen St W,Queen St W,South,University Ave,East,TO360-04.02,10,Toronto Entertainment District,TO360,Existing,,0,313985.53,4834553.27,-79.386130207,43.650865767,"{u'type': u'Point', u'coordinates': (-79.3861302037, 43.6508657716)}"
126780,159,IP-00909,570,Bay St,Bay St,West,Dundas St W,South,TO360-04.14,10,,TO360,Existing,,0,314173.226,4835075.78,-79.383794341,43.655566718,"{u'type': u'Point', u'coordinates': (-79.3837943383, 43.6555667195)}"
126781,160,IP-00915,585,University Ave,University Ave,East,Gerrard St W,North,TO360-04.21,11,,TO360,Existing,,0,313727.59,4835319.495,-79.389315118,43.657765956000006,"{u'type': u'Point', u'coordinates': (-79.3893151227, 43.6577659624)}"
126782,161,IP-00923,170,College St,College St,North,Mc Caul St,East,TO360-04.33,11,,TO360,Temporarily Removed,,0,313389.729,4835487.683999999,-79.393501269,43.659283868,"{u'type': u'Point', u'coordinates': (-79.3935012637, 43.6592838667)}"
126783,162,IP-00930,,,Wellesley Ave,North,Queen's Park Cres W,East,TO360-04.42,11,,TO360,Existing,,0,313460.11699999997,4835933.532,-79.392621415,43.663296274,"{u'type': u'Point', u'coordinates': (-79.3926214157, 43.6632962745)}"
126784,163,IP-00287,54,Church St,King St E,North,Church St,West,TOP-01.07,13,St. Lawrence Market Neighbourhood,TO360,Existing,,0,314906.506,4834448.395,-79.374715177,43.649909811,"{u'type': u'Point', u'coordinates': (-79.374715175, 43.6499098135)}"
126785,164,IP-00283,55,Wellington St W,Bay St,West,Wellington St W,South,TOP-01.02,10,Financial District,TO360,Existing,,0,314502.45399999997,4834140.958000001,-79.37972950300001,43.647147841000006,"{u'type': u'Point', u'coordinates': (-79.3797294973, 43.6471478469)}"
126786,165,IP-00296,100,Queen St W,Queen St W,North,Bay St,West,TOP-01.04,10,,TO360,Existing,,0,314269.827,4834669.351,-79.382603841,43.651907086,"{u'type': u'Point', u'coordinates': (-79.3826038454, 43.6519070913)}"
126787,166,IP-00297,,,Front St W,North,University Ave,West,TOP-01.16,10,Toronto Entertainment District,TO360,Existing,,0,314248.493,4833939.156,-79.382881092,43.645334625,"{u'type': u'Point', u'coordinates': (-79.3828810913, 43.6453346253)}"
126788,167,IP-00288,4,King St W,King St W,North,Yonge St,West,TOP-01.10,13,Financial District,TO360,Existing,,0,314628.537,4834365.245,-79.378162512,43.649165073999995,"{u'type': u'Point', u'coordinates': (-79.3781625097, 43.6491650764)}"
126789,169,IP-00050,485,King St E,King St W,South,Brant St,East,990546,10,,Info Pillar,Existing,00P50022,0,313111.67600000004,4833898.421,-79.396973121,43.644981523999995,"{u'type': u'Point', u'coordinates': (-79.3969731228, 43.6449815235)}"
126790,171,IP-00064,25,York St,Bremner Blvd,North,York St,East,990507,10,Toronto Entertainment District,Info Pillar,Existing,00P50174,0,314459.02,4833706.447,-79.380275661,43.643237228000004,"{u'type': u'Point', u'coordinates': (-79.3802756669, 43.6432372265)}"
126791,172,IP-00076,1900,Yonge St,Yonge St,West,Chaplin Cres,South,990636,12,Midtown Yonge,Info Pillar,Existing,00P50144,0,313129.549,4839788.395,-79.39666065,43.69799882,"{u'type': u'Point', u'coordinates': (-79.3966606518, 43.6979988249)}"
126792,173,IP-00228,989,Eglinton Ave W,Eglinton Ave W,South,Glen Cedar Rd,East,880026,12,Upper Village,Info Pillar - Non Ad,Existing,J2180026,0,310401.83,4839991.923,-79.430499553,43.69985642,"{u'type': u'Point', u'coordinates': (-79.4304995575, 43.6998564215)}"
126793,174,IP-00094,15,York St,York St,East,Bremner Blvd,South,990508A,10,Toronto Entertainment District,Info Pillar,Temporarily Removed,00P50012,0,314375.031,4833651.944,-79.381317675,43.642747708,"{u'type': u'Point', u'coordinates': (-79.381317681, 43.6427477113)}"
126794,178,IP-00277,555,University Ave,University Ave,East,Elm St,North,880070,11,,Info Pillar - Non Ad,Existing,J2780070,0,313762.557,4835207.567,-79.388883462,43.656758043,"{u'type': u'Point', u'coordinates': (-79.3888834581, 43.6567580406)}"
126795,179,IP-00054,157,King St E,King St E,South,Jarvis St,West,990550,13,St. Lawrence Market Neighbourhood,Info Pillar,Existing,00P50026,0,315087.038,4834487.544,-79.372476481,43.650259733999995,"{u'type': u'Point', u'coordinates': (-79.3724764784, 43.6502597323)}"
126796,182,IP-00063,50,Bay St,Bay St,West,Lake Shore Blvd W,North,990520,10,Financial District,Info Pillar,Temporarily Removed,00P50172,0,314599.752,4833824.746,-79.37852914,43.644300231,"{u'type': u'Point', u'coordinates': (-79.3785291407, 43.6443002372)}"
126797,184,IP-00070,3319,Yonge St,Yonge St,East,Fairlawn Ave,South,990640,15,Yonge Lawrence Village,Info Pillar,Existing,00P50050,0,312568.115,4843425.887,-79.403573506,43.730746873,"{u'type': u'Point', u'coordinates': (-79.4035735063, 43.730746875)}"
126798,185,IP-00072,2263,Yonge St,Eglinton Ave E,North,Yonge St,East,990633,12,,Info Pillar,Temporarily Removed,00P50120,0,313023.877,4840777.66,-79.397956556,43.706904638000005,"{u'type': u'Point', u'coordinates': (-79.3979565518, 43.7069046387)}"
126799,190,IP-00154,531,Bay St,Dundas St W,South,Bay St,East,880700,13,Downtown Yonge,Info Pillar - Non Ad,Temporarily Removed,J2780700,0,314200.575,4835088.028,-79.383455069,43.655676619,"{u'type': u'Point', u'coordinates': (-79.3834550634, 43.6556766226)}"
126800,191,IP-00159,901,King St W,King St W,South,Strachan Ave,East,990702,10,,Info Pillar,Existing,00P50148,0,311933.863,4833571.182,-79.411576931,43.642048147,"{u'type': u'Point', u'coordinates': (-79.4115769345, 43.6420481524)}"
126801,192,IP-00161,1303,Yonge St,Yonge St,East,Jackes Ave,South,990704,11,Yonge & St. Clair,Info Pillar,Existing,00P50138,0,313462.999,4838298.73,-79.39254769899999,43.684586114,"{u'type': u'Point', u'coordinates': (-79.3925477015, 43.6845861171)}"
126802,193,IP-00163,2384,Yonge St,Yonge St,West,Montgomery Ave,South,990706,8,Uptown Yonge,Info Pillar,Existing,00P50146,0,312937.605,4841052.321,-79.399022879,43.709377878000005,"{u'type': u'Point', u'coordinates': (-79.3990228795, 43.7093778833)}"
126803,194,IP-00165,4050,Yonge St,Yonge St,West,Wilson Ave,North,990708,8,,Info Pillar,Existing,00P50152,0,312291.696,4844955.541999999,-79.406983415,43.744518461000006,"{u'type': u'Point', u'coordinates': (-79.4069834107, 43.7445184663)}"
126804,196,IP-00170,700,St Clair Ave W,St Clair Ave W,North,Humewood Dr,West,990713,12,Hillcrest Village,Info Pillar,Existing,00P50134,0,310732.072,4837971.086,-79.42642456899999,43.681663711999995,"{u'type': u'Point', u'coordinates': (-79.4264245742, 43.681663717)}"
126805,197,IP-00172,1151,Eastern Ave,Lake Shore Blvd E,North,Coxwell Ave,East,990715,19,,Info Pillar,Existing,00P50190,0,319765.643,4835854.657,-79.314440402,43.662486122,"{u'type': u'Point', u'coordinates': (-79.3144403986, 43.6624861206)}"
126806,199,IP-00183,2179,Yonge St,Yonge St,East,Soudan Ave,North,990724,12,,Info Pillar,Existing,00P50118,0,313026.549,4840599.047,-79.397926131,43.705296868000005,"{u'type': u'Point', u'coordinates': (-79.3979261253, 43.7052968672)}"
126807,201,IP-00187,471,Jarvis St,Jarvis St,East,Maitland Pl,South,990731,13,,Info Pillar,Existing,00P50186,0,314663.533,4836129.411,-79.377696461,43.665044454,"{u'type': u'Point', u'coordinates': (-79.3776964634, 43.6650444538)}"
126808,204,IP-00200,299,Bloor St W,Bloor St W,South,Bedford Rd,East,990742,11,,Info Pillar,Existing,00P50094,0,313108.971,4836458.643,-79.39696726,43.66802697,"{u'type': u'Point', u'coordinates': (-79.3969672565, 43.6680269749)}"
126809,208,IP-00215,200,Bay St,Bay St,West,Wellington St W,South,990749,10,Financial District,Info Pillar,Existing,00P50200,0,314504.679,4834137.023,-79.379701983,43.647112393,"{u'type': u'Point', u'coordinates': (-79.3797019872, 43.6471123975)}"
126810,209,IP-00224,263,Dupont St,Dupont St,South,Spadina Rd,East,880024,11,Dupont by the Castle,Info Pillar - Non Ad,Existing,J2080024,0,312324.235,4837213.568,-79.406687585,43.674830652,"{u'type': u'Point', u'coordinates': (-79.406687584, 43.6748306499)}"
126811,210,IP-00229,3409,Yonge St,Yonge St,East,Teddington Park Ave,South,880027,15,Yonge Lawrence Village,Info Pillar - Non Ad,Existing,J2580027,0,312526.13899999997,4843647.433999999,-79.404091375,43.732741507,"{u'type': u'Point', u'coordinates': (-79.4040913762, 43.7327415067)}"
126812,212,IP-00239,,,Lower Sherbourne St,East,Queens Quay E,North,880037,10,,Info Pillar - Non Ad,Existing,J2880037,0,315643.644,4833958.606000001,-79.36558713699999,43.645490672,"{u'type': u'Point', u'coordinates': (-79.3655871338, 43.6454906758)}"
126813,213,IP-00241,12,Yonge St,Yonge St,West,Harbour St,North,880039,10,The Waterfront,Info Pillar - Non Ad,Existing,J2880039,0,314824.75800000003,4833731.485,-79.37574186100001,43.643457761,"{u'type': u'Point', u'coordinates': (-79.3757418607, 43.6434577647)}"
126814,215,IP-00246,100,Queen St W,Queen St W,North,Bay St,West,880045,10,,Info Pillar - Non Ad,Temporarily Removed,J2780045,0,314271.602,4834670.054,-79.382581824,43.651913395,"{u'type': u'Point', u'coordinates': (-79.3825818287, 43.6519133967)}"
126815,216,IP-00250,501,Church St,Church St,East,Wellesley St E,South,880050,13,Church-Wellesley Village,Info Pillar - Non Ad,Existing,J2780050,0,314415.516,4836185.426,-79.380770766,43.665551912,"{u'type': u'Point', u'coordinates': (-79.3807707622, 43.6655519115)}"
126816,218,IP-00086,444,Yonge St,Yonge St,West,College St,South,990608,11,Downtown Yonge,Info Pillar,Existing,00P50126,0,314223.507,4835704.916999999,-79.383159993,43.661229156000005,"{u'type': u'Point', u'coordinates': (-79.3831599945, 43.6612291538)}"
126817,219,IP-00088,92,Front St E,Front St E,North,Jarvis St,West,990513,13,St. Lawrence Market Neighbourhood,Info Pillar,Existing,00P50168,0,315099.644,4834364.699,-79.372322554,43.649153788999996,"{u'type': u'Point', u'coordinates': (-79.3723225505, 43.6491537883)}"
126818,221,IP-00093,480,St Clair Ave W,St Clair Ave W,North,Wells Hill Ave,East,990648,12,Wychwood Heights,Info Pillar,Existing,00P50140,0,311601.461,4838208.248,-79.415638568,43.68379103,"{u'type': u'Point', u'coordinates': (-79.4156385712, 43.6837910343)}"
126819,222,IP-00100,308,Queen St W,Queen St W,North,Soho St,West,990654,10,Queen Street West,Info Pillar,Existing,00P50030,0,313357.347,4834382.666,-79.393920261,43.649337593999995,"{u'type': u'Point', u'coordinates': (-79.3939202574, 43.6493375977)}"
126820,224,IP-00106,765,Yonge St,Yonge St,East,Bloor St E,North,990662,11,Bloor Street,Info Pillar,Existing,00P50160,0,313935.224,4836726.4180000005,-79.386717058,43.670427603,"{u'type': u'Point', u'coordinates': (-79.3867170555, 43.6704276079)}"
126821,225,IP-00109,2,Queen St E,Queen St E,North,Victoria St,West,990664,13,Downtown Yonge,Info Pillar,Existing,00P50164,0,314603.114,4834753.157,-79.378470622,43.652657137,"{u'type': u'Point', u'coordinates': (-79.3784706197, 43.6526571397)}"
126822,226,IP-00114,195,The Donway W,Lawrence Ave E,South,The Donway W,East,990661,16,,Info Pillar,Existing,00P50098,0,317235.2,4844084.109,-79.345625399,43.736608108,"{u'type': u'Point', u'coordinates': (-79.3456254, 43.7366081064)}"
126823,227,IP-00121,55,University Ave,University Ave,East,Wellington St W,North,990671,10,Financial District,Info Pillar,Existing,00P50106,0,314142.419,4834112.541,-79.384192926,43.64689666,"{u'type': u'Point', u'coordinates': (-79.384192932, 43.6468966638)}"
126824,229,IP-00128,10,King St E,King St E,North,Yonge St,East,990679,13,Financial District,Info Pillar,Existing,00P50124,0,314693.137,4834387.194,-79.377361309,43.649361793000004,"{u'type': u'Point', u'coordinates': (-79.3773613086, 43.6493617906)}"
126825,245,IP-00021,700,University Ave,University Ave,West,College St,South,990515,11,,Info Pillar,Existing,00P50060,0,313625.946,4835518.572,-79.390572051,43.659559131,"{u'type': u'Point', u'coordinates': (-79.3905720555, 43.6595591338)}"
126826,247,IP-00026,777,Bay St,Bay St,East,College St,South,990516,11,Downtown Yonge,Info Pillar,Existing,00P50006,0,314033.739,4835599.05,-79.385514687,43.660278585,"{u'type': u'Point', u'coordinates': (-79.3855146925, 43.660278591)}"
126827,255,IP-00162,2063,Yonge St,Yonge St,East,Manor Rd E,South,990705,12,Midtown Yonge,Info Pillar,Existing,00P50130,0,313078.536,4840255.053,-79.39728636699999,43.702199904,"{u'type': u'Point', u'coordinates': (-79.3972863656, 43.7021999091)}"
126828,256,IP-00164,3885,Yonge St,Yonge St,East,Mill St,North,990707,15,,Info Pillar,Existing,00P50154,0,312372.928,4844580.106000001,-79.405980132,43.74113826399999,"{u'type': u'Point', u'coordinates': (-79.4059801277, 43.7411382654)}"
126829,260,IP-00176,223,Eglinton Ave E,Eglinton Ave E,South,Mount Pleasant Rd,West,990719,12,Mount Pleasant Village,Info Pillar,Temporarily Removed,00P50142,0,313578.44,4840912.186000001,-79.391073241,43.708109188,"{u'type': u'Point', u'coordinates': (-79.3910732466, 43.7081091914)}"
126830,263,IP-00042,120,Pearl St,Adelaide St W,South,Simcoe St,East,990529,10,Financial District,Info Pillar,Existing,00P50090,0,313983.168,4834309.077,-79.386163638,43.64866773600001,"{u'type': u'Point', u'coordinates': (-79.386163636, 43.6486677355)}"
126831,266,IP-00826,,,Bloor St W,North,Clendenan Ave,West,TO360-05.02,4,,TO360,Existing,,0,307202.495,4834733.882,-79.47021628600001,43.652544352,"{u'type': u'Point', u'coordinates': (-79.4702162811, 43.6525443582)}"
126832,267,IP-00832,2340,Dundas St W,Bloor St W,North,Dundas St W,East,TO360-05.10,4,,TO360,Existing,,0,308657.81899999996,4835169.911,-79.452171523,43.656463083999995,"{u'type': u'Point', u'coordinates': (-79.4521715266, 43.6564630842)}"
126833,268,IP-00829,14,High Park Ave,High Park Ave,East,Bloor St W,North,TO360-05.04,4,,TO360,Existing,,0,307574.863,4834905.489,-79.465599161,43.654087755,"{u'type': u'Point', u'coordinates': (-79.4655991558, 43.6540877578)}"
126834,269,IP-00831,2365,Dundas St W,Dundas St W,West,Edna Ave,South,TO360-05.09,4,Bloor By The Park,TO360,Existing,,0,308613.898,4835226.601,-79.452715655,43.656973592,"{u'type': u'Point', u'coordinates': (-79.4527156498, 43.6569735972)}"
126835,270,IP-00827,35,Quebec Ave,Quebec Ave,East,Gothic Ave,South,TO360-05.03,4,,TO360,Existing,,0,307457.428,4834878.467,-79.46705516600001,43.653844948,"{u'type': u'Point', u'coordinates': (-79.4670551669, 43.653844952)}"
126836,271,IP-00825,2178,Bloor St W,Bloor St W,North,Glendonwynne Rd,West,TO360-05.01,4,Bloor West Village,TO360,Existing,,0,306909.105,4834647.464,-79.473853772,43.651767371000005,"{u'type': u'Point', u'coordinates': (-79.4738537725, 43.6517673686)}"
126837,272,IP-00939,,,Queen St W,South,York St,East,TO360-01.27,10,Financial District,TO360,Existing,,0,314099.907,4834586.552,-79.38471174,43.651163927,"{u'type': u'Point', u'coordinates': (-79.3847117419, 43.6511639331)}"
126838,273,IP-00940,145,Richmond St W,University Ave,East,Richmond St W,South,TO360-01.29,10,Financial District,TO360,Existing,,0,314003.674,4834457.25,-79.38590692,43.650001233000005,"{u'type': u'Point', u'coordinates': (-79.3859069155, 43.6500012383)}"
126839,274,IP-00941,160,Adelaide St W,Adelaide St W,North,University Ave,East,TO360-01.30,10,Financial District,TO360,Existing,,0,314057.695,4834346.326,-79.385239143,43.649002098000004,"{u'type': u'Point', u'coordinates': (-79.385239148, 43.6490021029)}"
126840,276,IP-00944,18,Yonge St,Yonge St,West,Lake Shore Blvd W,North,TO360-01.33,10,,TO360,Existing,,0,314796.36699999997,4833823.336,-79.376092067,43.64428493,"{u'type': u'Point', u'coordinates': (-79.3760920706, 43.6442849297)}"
126841,277,IP-00945,1,Front St W,Front St W,South,Yonge St,West,TO360-01.34,10,Financial District,TO360,Existing,,0,314716.777,4834083.202,-79.37707383899999,43.646625138999994,"{u'type': u'Point', u'coordinates': (-79.3770738402, 43.6466251391)}"
126842,278,IP-00947,55,Front St W,Front St W,South,Bay St,West,TO360-01.37,10,Financial District,TO360,Existing,,0,314533.332,4833998.313999999,-79.379349307,43.645863457,"{u'type': u'Point', u'coordinates': (-79.3793493079, 43.6458634553)}"
126843,279,IP-00949,,,Saskatchewan Rd,North,Dufferin St,East,TO360-03.41,10,,TO360,Existing,,0,310874.183,4832541.508,-79.424723048,43.632789073000005,"{u'type': u'Point', u'coordinates': (-79.4247230541, 43.6327890766)}"
126844,280,IP-00951,210,Princes Blvd,Manitoba Dr,West,Saskatchewan Rd,North,TO360-03.43,10,,TO360,Existing,,0,311062.326,4832544.62,-79.422391374,43.632815529,"{u'type': u'Point', u'coordinates': (-79.4223913764, 43.6328155297)}"
126845,281,IP-00952,170,Princes' Blvd,Princes' Blvd,North,Ontario Dr,East,TO360-03.44,10,,TO360,Existing,,0,311312.637,4832472.315,-79.419290159,43.632162531999995,"{u'type': u'Point', u'coordinates': (-79.4192901615, 43.6321625369)}"
126846,282,IP-00953,,,Ontario Dr,East,Lake Shore Blvd W,North,TO360-03.45,10,,TO360,Existing,,0,311349.545,4832349.715,-79.418834251,43.631058643,"{u'type': u'Point', u'coordinates': (-79.4188342534, 43.6310586436)}"
126847,283,IP-00954,60,Manitoba Dr,Manitoba Dr,North,Nova Scotia Ave,East,TO360-03.46,10,,TO360,Existing,,0,311551.36199999996,4832901.688999999,-79.41632633399999,43.636025366999995,"{u'type': u'Point', u'coordinates': (-79.4163263299, 43.6360253673)}"
126848,284,IP-00957,483,Bay St,Albert St,North,Bay St,East,TO360-04.06,13,Downtown Yonge,TO360,Existing,,0,314276.544,4834800.221,-79.382518279,43.653085013,"{u'type': u'Point', u'coordinates': (-79.3825182795, 43.653085011)}"
126849,285,IP-00958,211,Yonge St,Yonge St,East,Shuter St,South,TO360-04.07,13,Downtown Yonge,TO360,Existing,,0,314501.061,4834876.531,-79.379733552,43.653769004,"{u'type': u'Point', u'coordinates': (-79.3797335537, 43.6537690087)}"
126850,286,IP-00959,2,Queen St E,Victoria St,West,Queen St E,North,TO360-04.05,13,Downtown Yonge,TO360,Existing,,0,314623.538,4834768.396000001,-79.37821714100001,43.652794042,"{u'type': u'Point', u'coordinates': (-79.3782171464, 43.6527940417)}"
126851,287,IP-00960,1,Dundas St E,Dundas St E,South,Yonge St,East,TO360-04.08,13,Downtown Yonge,TO360,Existing,,0,314423.578,4835158.058,-79.380689108,43.656304136,"{u'type': u'Point', u'coordinates': (-79.3806891105, 43.6563041339)}"
126852,288,IP-00961,2,Elm St,Elm St,North,Yonge St,West,TO360-04.17,11,Downtown Yonge,TO360,Existing,,0,314334.11,4835336.8889999995,-79.38179515600001,43.657915001999996,"{u'type': u'Point', u'coordinates': (-79.381795154, 43.6579150033)}"
126853,289,IP-00964,457,Yonge St,Yonge St,East,Carlton St,North,TO360-04.29,13,Downtown Yonge,TO360,Existing,,0,314225.41,4835757.727,-79.38313548100001,43.661704487,"{u'type': u'Point', u'coordinates': (-79.3831354776, 43.6617044896)}"
126854,290,IP-00966,340,Church St,Gerrard St E,South,Church St,West,TO360-04.27,13,,TO360,Existing,,0,314590.17,4835537.685,-79.378616862,43.659719108000004,"{u'type': u'Point', u'coordinates': (-79.3786168625, 43.6597191071)}"
126855,291,IP-00967,245,Church St,Gould St,South,Church St,East,TO360-04.47,13,,TO360,Existing,,0,314669.838,4835366.03,-79.377632237,43.658172933,"{u'type': u'Point', u'coordinates': (-79.3776322413, 43.6581729312)}"
126856,292,IP-00968,260,Church St,Dundas St E,South,Church St,West,TO360-04.48,13,,TO360,Existing,,0,314697.161,4835168.694,-79.37729710100001,43.656396279,"{u'type': u'Point', u'coordinates': (-79.3772971044, 43.6563962817)}"
126857,293,IP-00970,74,Front St E,Front St E,North,Church St,East,TO360-06.02,13,St. Lawrence Market Neighbourhood,TO360,Existing,,0,314992.065,4834317.54,-79.37365701600001,43.648730773000004,"{u'type': u'Point', u'coordinates': (-79.3736570184, 43.6487307757)}"
126858,294,IP-00972,70,Jarvis St,Jarvis St,West,Adelaide St E,South,TO360-06.05,13,St. Lawrence Market Neighbourhood,TO360,Existing,,0,315088.943,4834618.828,-79.372450363,43.651441438,"{u'type': u'Point', u'coordinates': (-79.3724503622, 43.6514414376)}"
126859,295,IP-00973,163,King St E,King St E,South,Jarvis St,East,TO360-06.06,13,St. Lawrence Market Neighbourhood,TO360,Existing,,0,315149.356,4834506.737,-79.37170358899999,43.65043163,"{u'type': u'Point', u'coordinates': (-79.3717035859, 43.6504316306)}"
126860,296,IP-00977,393,King St E,Parliament St,East,King St E,South,TO360-06.14,13,,TO360,Existing,,0,315847.897,4834745.8610000005,-79.363039208,43.652574019,"{u'type': u'Point', u'coordinates': (-79.3630392128, 43.652574019)}"
126861,297,IP-00978,269,Front St E,Parliament St,West,Front St E,South,TO360-06.15,13,St. Lawrence Market Neighbourhood,TO360,Existing,,0,315866.75,4834618.488,-79.3628081,43.651427211000005,"{u'type': u'Point', u'coordinates': (-79.3628081027, 43.651427212)}"
126862,298,IP-00980,21,Keele St,Keele St,East,Bloor St W,North,TO360-05.06,4,Bloor By The Park,TO360,Existing,,0,308022.295,4835057.088,-79.46005130399999,43.655450547,"{u'type': u'Point', u'coordinates': (-79.4600512981, 43.6554505499)}"
126863,299,IP-00983,,,Kenilworth Ave,West,,North,TO360-09.02,19,,TO360,Existing,,0,320900.92600000004,4836228.27,-79.300352921,43.665825396,"{u'type': u'Point', u'coordinates': (-79.3003529162, 43.6658254014)}"
126864,300,IP-00985,,,Balsam Ave,West,Hubbard Blvd,South,TO360-09.04,19,,TO360,Existing,,0,321836.148,4836607.16,-79.288744533,43.669215052,"{u'type': u'Point', u'coordinates': (-79.2887445337, 43.6692150523)}"
126865,301,IP-00986,1,Silver Birch Ave,Silver Birch Ave,West,,,TO360-09.05,19,,TO360,Existing,,0,322202.188,4836741.828,-79.284201174,43.670418753,"{u'type': u'Point', u'coordinates': (-79.2842011707, 43.6704187564)}"
126866,302,IP-00987,2266,Queen St E,Queen St E,North,Silver Birch Ave,West,TO360-09.13,19,The Beach,TO360,Existing,,0,322103.247,4837048.387,-79.285418261,43.67318048,"{u'type': u'Point', u'coordinates': (-79.2854182659, 43.6731804845)}"
126867,303,IP-00988,2075,Queen St E,Queen St E,South,Bellefair Ave,West,TO360-09.09,19,The Beach,TO360,Existing,,0,320941.72,4836691.266,-79.299833238,43.669992075,"{u'type': u'Point', u'coordinates': (-79.2998332361, 43.6699920728)}"
126868,304,IP-00834,2340,Dundas St W,Bloor St W,North,Dundas St W,East,TO360-05.12,4,,TO360,Existing,,0,308772.753,4835200.097,-79.45074638199999,43.656734191000005,"{u'type': u'Point', u'coordinates': (-79.4507463761, 43.6567341939)}"
126869,305,IP-00837,695,Lansdowne Ave,Lansdowne Ave,East,Wade Ave,South,TO360-05.14,9,,TO360,Existing,,0,309409.479,4835452.991,-79.442850177,43.659006905,"{u'type': u'Point', u'coordinates': (-79.4428501828, 43.6590069062)}"
126870,306,IP-00838,2215,Roncesvalles Ave,Roncesvalles Ave,West,Boustead Ave,North,TO360-05.16,4,,TO360,Existing,,0,308682.74,4834869.2360000005,-79.451864721,43.653756468999994,"{u'type': u'Point', u'coordinates': (-79.451864723, 43.6537564734)}"
126871,307,IP-00839,2202,Dundas St W,Dundas St W,North,Roncesvalles Ave,East,TO360-05.17,4,,TO360,Existing,,0,308727.424,4834860.073,-79.45131083,43.653673753,"{u'type': u'Point', u'coordinates': (-79.4513108313, 43.6536737594)}"
126872,308,IP-00840,2067,Dundas St W,Dundas St W,West,Morrow Ave,North,TO360-05.18,4,,TO360,Existing,,0,308997.442,4834673.143,-79.447964813,43.651989663,"{u'type': u'Point', u'coordinates': (-79.4479648109, 43.6519896616)}"
126873,309,IP-00842,1900,Dundas St W,Dundas St W,North,Sterling Rd,West,TO360-05.20,9,,TO360,Existing,,0,309378.93,4834543.565,-79.44323664699999,43.65082103,"{u'type': u'Point', u'coordinates': (-79.4432366503, 43.6508210335)}"
126874,310,IP-00843,100,Manitoba Dr,Manitoba Dr,North,Nova Scotia Ave,East,TO360-03.24,10,,TO360,Existing,,0,311360.488,4832851.295,-79.418692554,43.635573456,"{u'type': u'Point', u'coordinates': (-79.4186925549, 43.635573459)}"
126875,311,IP-00845,170,Princes Blvd,Princes Blvd,North,Nunavut Rd,West,TO360-03.26,10,,TO360,Existing,,0,311498.291,4832547.7530000005,-79.416988456,43.632839933,"{u'type': u'Point', u'coordinates': (-79.4169884554, 43.6328399355)}"
126876,312,IP-00848,19,Nunavut Rd,Nunavut Rd,,,,TO360-03.31,10,,TO360,Existing,,0,311596.495,4832750.828,-79.41576886600001,43.634667002,"{u'type': u'Point', u'coordinates': (-79.415768867, 43.6346670001)}"
126877,313,IP-00849,,,Manitoba Dr,North,Nova Scotia Ave,East,TO360-03.32,10,,TO360,Existing,,0,311435.22,4832853.844,-79.41776633399999,43.635595741,"{u'type': u'Point', u'coordinates': (-79.417766333, 43.635595741)}"
126878,314,IP-00850,,,Canada Blvd,West,Manitoba Dr,South,TO360-03.33,10,,TO360,Existing,,0,312025.6,4832897.6,-79.410448872,43.635984106,"{u'type': u'Point', u'coordinates': (-79.410448876, 43.6359841076)}"
126879,315,IP-00851,100,Princes Blvd,Princes Blvd,North,Canada Blvd,West,TO360-03.34,10,,TO360,Existing,,0,312055.49600000004,4832761.766,-79.410080175,43.634761119,"{u'type': u'Point', u'coordinates': (-79.4100801809, 43.6347611242)}"
126880,316,IP-00852,522,King St W,King St W,North,Brant St,East,TO360-03.01,10,,TO360,Existing,,0,313074.404,4833905.77,-79.397435011,43.645048087,"{u'type': u'Point', u'coordinates': (-79.3974350123, 43.6450480899)}"
126881,317,IP-00853,589,King St W,King St W,South,Portland St,West,TO360-03.02,10,,TO360,Existing,,0,312844.05199999997,4833825.138,-79.40029153100001,43.644324813999994,"{u'type': u'Point', u'coordinates': (-79.4002915259, 43.6443248187)}"
126882,318,IP-00855,540,Front St W,Front St W,North,Portland St,West,TO360-03.04,10,,TO360,Existing,,0,312944.022,4833502.498,-79.399057232,43.641419528,"{u'type': u'Point', u'coordinates': (-79.3990572319, 43.6414195326)}"
126883,319,IP-00857,665,King St W,King St W,South,Bathurst St,East,TO360-03.06,10,,TO360,Existing,,0,312675.032,4833778.171,-79.402387261,43.643903861000005,"{u'type': u'Point', u'coordinates': (-79.4023872618, 43.64390386)}"
126884,320,IP-00858,807,King St W,King St W,South,Niagara St,East,TO360-03.07,10,,TO360,Existing,,0,312271.238,4833665.28,-79.407393929,43.642891851,"{u'type': u'Point', u'coordinates': (-79.4073939307, 43.6428918516)}"
126885,321,IP-00859,845,King St W,King St W,South,Stanley Ter,East,TO360-03.08,10,,TO360,Existing,,0,312059.65,4833603.13,-79.410017392,43.642334508999994,"{u'type': u'Point', u'coordinates': (-79.4100173978, 43.6423345114)}"
126886,322,IP-00863,694,King St W,Bathurst St,West,King St W,North,TO360-03.37,10,,TO360,Existing,,0,312634.775,4833791.371,-79.402886068,43.644023101,"{u'type': u'Point', u'coordinates': (-79.4028860639, 43.6440231029)}"
126887,323,IP-00864,725,King St W,King St W,South,Tecumseth St,East,TO360-03.38,10,,TO360,Existing,,0,312468.269,4833720.454,-79.404950954,43.643386488999994,"{u'type': u'Point', u'coordinates': (-79.4049509498, 43.6433864882)}"
126888,324,IP-00865,11,Lower Simcoe St,Lower Simcoe St,East,Lake Shore Blvd W,North,TO360-02.01,10,Toronto Entertainment District,TO360,Existing,,0,314217.01,4833434.182,-79.383280135,43.640789577,"{u'type': u'Point', u'coordinates': (-79.3832801389, 43.6407895747)}"
126889,325,IP-00867,18,York St,York St,West,Bremner Blvd,North,TO360-02.03,10,Toronto Entertainment District,TO360,Existing,,0,314345.748,4833690.701,-79.381679958,43.643096948,"{u'type': u'Point', u'coordinates': (-79.3816799577, 43.643096953)}"
126890,326,IP-00869,,,Bremner Blvd,North,York St,East,TO360-02.05,10,Toronto Entertainment District,TO360,Existing,,0,314433.63899999997,4833701.341,-79.380590353,43.643191593999994,"{u'type': u'Point', u'coordinates': (-79.3805903569, 43.6431915947)}"
126891,327,IP-00871,300,Bremner Blvd,Bremner Blvd,North,Van De Water Cres,West,TO360-02.07,10,Toronto Entertainment District,TO360,Existing,,0,313670.78,4833415.431,-79.390050719,43.640627496,"{u'type': u'Point', u'coordinates': (-79.3900507242, 43.6406275023)}"
126892,328,IP-00873,397,Front St W,Front St W,South,Spadina Ave,East,TO360-02.09,10,Toronto Entertainment District,TO360,Existing,,0,313390.04,4833651.175,-79.39352661699999,43.64275281,"{u'type': u'Point', u'coordinates': (-79.3935266151, 43.6427528125)}"
126893,329,IP-00875,20,John St,Front St W,North,John St,West,TO360-02.11,10,Toronto Entertainment District,TO360,Existing,,0,313758.91,4833791.268999999,-79.388952161,43.644009495,"{u'type': u'Point', u'coordinates': (-79.3889521639, 43.6440094985)}"
126894,330,IP-00876,200,Front St W,Front St W,North,Simcoe St,West,TO360-02.12,10,Toronto Entertainment District,TO360,Existing,,0,314055.519,4833879.2530000005,-79.385274129,43.644797845,"{u'type': u'Point', u'coordinates': (-79.3852741242, 43.644797843)}"
126895,331,IP-00878,270,Wellington St W,Blue Jays Way,East,Wellington St W,North,TO360-02.15,10,Toronto Entertainment District,TO360,Existing,,0,313533.976,4833888.943,-79.391738688,43.644891368,"{u'type': u'Point', u'coordinates': (-79.3917386909, 43.6448913712)}"
126896,332,IP-00880,415,King St W,King St W,South,Spadina Ave,East,TO360-02.17,10,Toronto Entertainment District,TO360,Existing,,0,313300.154,4833952.4,-79.394636009,43.645465273999996,"{u'type': u'Point', u'coordinates': (-79.3946360097, 43.6454652782)}"
126897,333,IP-00881,146,Spadina Ave,Spadina Ave,West,Richmond St W,North,TO360-02.19,10,,TO360,Existing,,0,313167.554,4834240.598,-79.396275196,43.64806095,"{u'type': u'Point', u'coordinates': (-79.3962751918, 43.648060953)}"
126898,334,IP-00882,,,Bay St,West,Lake Shore Blvd W,North,TO360-02.22,10,,TO360,Existing,,0,314632.291,4833701.336,-79.378128054,43.643188951000006,"{u'type': u'Point', u'coordinates': (-79.3781280567, 43.6431889511)}"
126899,335,IP-00884,25,Clarence Sq,Clarence Sq,South,Spadina Ave,East,TO360-02.28,10,Toronto Entertainment District,TO360,Existing,,0,313326.08,4833813.839,-79.394316828,43.644217746,"{u'type': u'Point', u'coordinates': (-79.3943168301, 43.6442177448)}"
126900,336,IP-00886,222,Bremner Blvd,Bremner Blvd,North,Lower Simcoe St,West,TO360-02.32,10,Toronto Entertainment District,TO360,Existing,,0,314138.088,4833617.134,-79.384255184,43.642437381,"{u'type': u'Point', u'coordinates': (-79.3842551803, 43.6424373855)}"
126901,337,IP-00887,240,Front St W,Front St W,North,Simcoe St,West,TO360-02.33,10,Toronto Entertainment District,TO360,Existing,,0,313929.721,4833842.18,-79.38683406199999,43.644465688000004,"{u'type': u'Point', u'coordinates': (-79.3868340644, 43.6444656901)}"
126902,338,IP-00888,129,Peter St,Peter St,East,Richmond St W,North,TO360-02.34,10,Toronto Entertainment District,TO360,Temporarily Removed,,0,313410.328,4834302.737,-79.39326475899999,43.648617517,"{u'type': u'Point', u'coordinates': (-79.3932647623, 43.6486175176)}"
126903,339,IP-00889,,,Bremner Blvd,East,Lake Shore Blvd W,North,TO360-02.35,10,,TO360,Existing,,0,314516.614,4833631.11,-79.37956314600001,43.642558338,"{u'type': u'Point', u'coordinates': (-79.3795631409, 43.6425583417)}"
126904,340,IP-01006,719,Coxwell Ave,Coxwell Ave,East,Strathmore Blvd,South,TO360-07.19,19,,TO360,Existing,,0,319010.25399999996,4838252.9180000005,-79.323743287,43.684088365,"{u'type': u'Point', u'coordinates': (-79.3237432837, 43.6840883651)}"
126905,341,IP-01009,2558,Danforth Ave,Main St,East,Danforth Ave,North,TO360-07.22,19,Danforth Village,TO360,Existing,,0,320770.75800000003,4838744.778,-79.301892439,43.688479965,"{u'type': u'Point', u'coordinates': (-79.3018924449, 43.6884799646)}"
126906,342,IP-01025,4,Park Home Ave,Yonge St,East,Park Home Ave,North,TO360-11.01,18,,TO360,Existing,,0,311793.75399999996,4847730.77,-79.413129705,43.769503661,"{u'type': u'Point', u'coordinates': (-79.4131296995, 43.7695036636)}"
126907,343,IP-01008,985,Woodbine Ave,Woodbine Ave,East,Strathmore Blvd,South,TO360-07.21,19,Danforth Mosaic,TO360,Existing,,0,319882.404,4838496.515,-79.31291882800001,43.686263847,"{u'type': u'Point', u'coordinates': (-79.3129188226, 43.6862638527)}"
126908,344,IP-01023,5150,Yonge St,Yonge St,West,Park Home Ave,South,TO360-11.03,18,,TO360,Existing,,0,311808.57,4847644.759,-79.412946793,43.768729318000005,"{u'type': u'Point', u'coordinates': (-79.4129467912, 43.7687293246)}"
126909,345,IP-00996,2,Bloor St E,Bloor St E,North,Yonge St,East,TO360-07.08,11,Bloor Street,TO360,Existing,,0,313988.55199999997,4836731.723,-79.386055666,43.67047470399999,"{u'type': u'Point', u'coordinates': (-79.3860556633, 43.6704747026)}"
126910,346,IP-01012,150,Borough Dr,Borough Dr,,,,TO360-10.01,21,,TO360,Existing,,0,324368.041,4848249.202,-79.25692493300001,43.773944693000004,"{u'type': u'Point', u'coordinates': (-79.2569249372, 43.7739446917)}"
126911,347,IP-01024,5145,Yonge St,Empress Ave,South,Yonge St,East,TO360-11.02,18,,TO360,Existing,,0,311834.011,4847700.678,-79.41263005399999,43.76923242,"{u'type': u'Point', u'coordinates': (-79.4126300571, 43.7692324195)}"
126912,348,IP-01013,1275,McCowan Rd,McCowan Rd,East,Bushby Dr,North,TO360-10.02,24,,TO360,Existing,,0,324753.961,4848346.726,-79.252127442,43.774812211000004,"{u'type': u'Point', u'coordinates': (-79.2521274401, 43.7748122173)}"
126913,349,IP-01017,1215,McCowan Rd,McCowan Rd,East,Ellesmere Rd,North,TO360-10.04,24,,TO360,Existing,,0,324820.328,4848082.937,-79.251312867,43.772436041000006,"{u'type': u'Point', u'coordinates': (-79.2513128616, 43.7724360401)}"
126914,350,IP-01007,355,Strathmore Blvd,Strathmore Blvd,South,Coxwell Ave,East,TO360-07.20,19,,TO360,Existing,,0,319064.463,4838273.571,-79.323070363,43.684273223000005,"{u'type': u'Point', u'coordinates': (-79.3230703598, 43.6842732294)}"
126915,351,IP-01020,4900,Yonge St,Elmhurst Ave,North,Yonge St,West,TO360-11.06,18,,TO360,Existing,,0,311911.654,4847040.0819999995,-79.411674404,43.763285543,"{u'type': u'Point', u'coordinates': (-79.4116743987, 43.763285543)}"
126916,352,IP-01019,4799,Yonge St,Yonge St,South,Sheppard Ave E,East,TO360-11.08,18,,TO360,Existing,,0,311998.592,4846836.465,-79.410597378,43.76145191,"{u'type': u'Point', u'coordinates': (-79.4105973733, 43.7614519116)}"
126917,353,IP-00993,6A,Spadina Rd,Spadina Rd,West,Bloor St W,North,TO360-07.05,11,,TO360,Existing,,0,312527.402,4836365.7530000005,-79.404180141,43.667197117,"{u'type': u'Point', u'coordinates': (-79.4041801371, 43.6671971146)}"
126918,354,IP-01016,,,Ellesmere Rd,North,Borough Approach E,West,TO360-10.05,21,,TO360,Existing,,0,324444.327,4847971.783,-79.255987476,43.771445596999996,"{u'type': u'Point', u'coordinates': (-79.2559874707, 43.7714456001)}"
126919,355,IP-01021,5000,Yonge St,Yonge St,West,North York Blvd,South,TO360-11.05,18,,TO360,Existing,,0,311857.163,4847390.796,-79.412346553,43.766442901000005,"{u'type': u'Point', u'coordinates': (-79.4123465581, 43.7664429003)}"
126920,356,IP-01005,10,Linnsmore Cres,Linnsmore Cres,West,Strathmore Blvd,South,TO360-07.18,14,,TO360,Existing,,0,318498.781,4838083.768,-79.330091608,43.682575403,"{u'type': u'Point', u'coordinates': (-79.330091602, 43.6825754063)}"
126921,357,IP-01015,160,Borough Dr,Borough Dr,North,Borough Approach E,East,TO360-10.09,21,,TO360,Existing,,0,324435.364,4848072.536,-79.256095118,43.77235272,"{u'type': u'Point', u'coordinates': (-79.2560951183, 43.7723527243)}"
126922,358,IP-01011,3060,Danforth Ave,Danforth Ave,North,Victoria Park Ave,West,TO360-07.24,19,Danforth Village,TO360,Existing,,0,321845.505,4839062.853999999,-79.288550895,43.691319156000006,"{u'type': u'Point', u'coordinates': (-79.2885508896, 43.69131916)}"
126923,359,IP-01003,717,Pape Ave,Pape Ave,East,Danforth Ave,North,TO360-07.16,14,Greektown on the Danforth,TO360,Existing,,0,317310.137,4837697.329,-79.344843474,43.679117921999996,"{u'type': u'Point', u'coordinates': (-79.3448434717, 43.6791179236)}"
126924,360,IP-00989,1140,Bloor St W,Bloor St W,North,Dufferin St,West,TO360-07.01,9,Bloordale Village,TO360,Existing,,0,309988.594,4835548.76,-79.435669213,43.659865143000005,"{u'type': u'Point', u'coordinates': (-79.4356692109, 43.6598651406)}"
126925,361,IP-00990,892,Bloor St W,Ossington Ave,West,Bloor St W,North,TO360-07.02,9,Bloorcourt Village,TO360,Existing,,0,310784.716,4835798.291999999,-79.425795735,43.662105283,"{u'type': u'Point', u'coordinates': (-79.4257957326, 43.6621052813)}"
126926,362,IP-01028,11,St Clair Ave E,St Clair Ave E,South,Yonge St,East,TO360-08.03,12,Yonge & St. Clair,TO360,Existing,,0,313402.55600000004,4838697.746,-79.393291041,43.688178474,"{u'type': u'Point', u'coordinates': (-79.3932910438, 43.6881784776)}"
126927,363,IP-01027,12,Shaftesbury Ave,Shaftesbury Ave,North,Yonge St,East,TO360-08.02,11,Rosedale Main Street,TO360,Existing,,0,313557.82399999996,4838018.62,-79.391376088,43.682063653,"{u'type': u'Point', u'coordinates': (-79.3913760824, 43.6820636533)}"
126928,364,IP-01031,396,St Clair Ave W,St Clair Ave W,North,Wells Hill Ave,East,TO360-08.07,12,,TO360,Existing,,0,311623.965,4838216.992,-79.415359337,43.683869533999996,"{u'type': u'Point', u'coordinates': (-79.4153593341, 43.6838695353)}"
126929,366,IP-01029,24,Heath St E,Heath St E,North,Yonge St,East,TO360-08.04,12,,TO360,Existing,,0,313287.493,4838910.454,-79.394714978,43.690094447,"{u'type': u'Point', u'coordinates': (-79.394714972, 43.6900944464)}"
126930,367,IP-01030,,,Yonge St,,Merton St,,TO360-08.05,12,,TO360,Existing,,0,313192.058,4839523.381,-79.395889274,43.695612659,"{u'type': u'Point', u'coordinates': (-79.3958892714, 43.6956126578)}"
126931,368,IP-01037,,,Spadina Ave,East,Adelaide St W,North,TO360-02.26,10,Toronto Entertainment District,TO360,Existing,,0,313236.336,4834116.933999999,-79.395424494,43.646947032,"{u'type': u'Point', u'coordinates': (-79.3954244977, 43.6469470332)}"
126932,369,IP-00917,790,College St,College St,South,Bay St,West,TO360-04.36,11,,TO360,Existing,,0,313985.563,4835644.42,-79.386111235,43.66068758,"{u'type': u'Point', u'coordinates': (-79.3861112337, 43.6606875778)}"
126933,370,IP-00922,140,College St,College St,North,University Ave,West,TO360-04.38,11,,TO360,Existing,,0,313610.108,4835561.506,-79.390767727,43.659945783999994,"{u'type': u'Point', u'coordinates': (-79.390767721, 43.6599457847)}"
126934,371,IP-00927,,,Hoskin Ave,North,Queen's Park Cres W,West,TO360-04.50,11,,TO360,Existing,,0,313340.757,4836132.438,-79.39409824100001,43.66508807100001,"{u'type': u'Point', u'coordinates': (-79.3940982352, 43.6650880725)}"
126935,372,IP-00933,99,Wellesley St E,Queen's Park Cres E,East,Wellesley St E,South,TO360-04.43,11,,TO360,Existing,,0,313633.015,4835955.709,-79.390477258,43.663493857,"{u'type': u'Point', u'coordinates': (-79.3904772585, 43.663493863)}"
126936,378,IP-00189,147,Laird Dr,Laird Dr,East,Commercial Rd,North,990727,15,,Info Pillar,Existing,00P50184,0,315852.701,4841031.118,-79.36285085,43.709149348000004,"{u'type': u'Point', u'coordinates': (-79.3628508441, 43.7091493517)}"
126937,379,IP-00204,55,Bloor St W,Bay St,East,Bloor St W,South,990745,11,Bloor Street,Info Pillar,Temporarily Removed,00P50004,0,313739.167,4836595.984,-79.38915044699999,43.669255916000004,"{u'type': u'Point', u'coordinates': (-79.3891504509, 43.669255914)}"
126938,380,IP-00124,604,King St W,King St W,North,Portland St,West,990674,10,,Info Pillar,Existing,00P50092,0,312842.484,4833841.279,-79.400310724,43.644470125,"{u'type': u'Point', u'coordinates': (-79.4003107214, 43.6444701265)}"
126939,381,IP-00142,1902,Avenue Rd,Avenue Rd,West,Brooke Ave,South,990687,8,,Info Pillar,Existing,00P50112,0,311274.961,4843681.8319999995,-79.419622473,43.733063103999996,"{u'type': u'Point', u'coordinates': (-79.4196224756, 43.7330631077)}"
126940,385,IP-00184,1300,Eglinton Ave W,Eglinton Ave W,North,Strathearn Rd,West,990725,8,,Info Pillar,Temporarily Removed,00P50170,0,310009.978,4839895.8780000005,-79.435362083,43.698994742,"{u'type': u'Point', u'coordinates': (-79.4353620886, 43.6989947463)}"
126941,386,IP-00049,120,East Liberty St,East Liberty St,North,Lynn Williams St,West,990605,10,Liberty Village,Info Pillar,Existing,00P50156,0,311464.25399999996,4833204.4969999995,-79.417402173,43.638751838000005,"{u'type': u'Point', u'coordinates': (-79.4174021769, 43.63875184)}"
126942,387,IP-00969,74,The Esplanade,The Esplanade,North,Church St,East,TO360-06.01,13,St. Lawrence Market Neighbourhood,TO360,Existing,,0,315036.566,4834170.619,-79.373108163,43.64740768,"{u'type': u'Point', u'coordinates': (-79.37310816, 43.6474076784)}"
126943,388,IP-00975,131,The Esplanade,The Esplanade,South,Lower Jarvis St,East,TO360-06.08,10,St. Lawrence Market Neighbourhood,TO360,Existing,,0,315232.642,4834260.116,-79.37067589600001,43.648210543000005,"{u'type': u'Point', u'coordinates': (-79.3706758917, 43.6482105477)}"
126944,389,IP-00982,,,Lake Shore Blvd E,South,Joseph Duggan Rd,East,TO360-09.01,19,,TO360,Existing,,0,320430.027,4836054.796,-79.30619693,43.664273956,"{u'type': u'Point', u'coordinates': (-79.3061969252, 43.6642739609)}"
126945,390,IP-00861,1005,King St W,King St W,South,Shaw St,East,TO360-03.13,10,,TO360,Existing,,0,311680.31,4833500.6280000005,-79.414720583,43.641415458999994,"{u'type': u'Point', u'coordinates': (-79.4147205773, 43.6414154578)}"
126946,391,IP-01014,77,Town Centre Crt,Town Centre Crt,South,McCowan Rd,West,TO360-10.03,21,,TO360,Existing,,0,324715.078,4848305.399,-79.252611979,43.774441278000005,"{u'type': u'Point', u'coordinates': (-79.2526119825, 43.7744412761)}"
126947,393,IP-00253,949,Eglinton Ave W,Eglinton Ave W,South,Rostrevor Rd,East,990755,12,Upper Village,Info Pillar,Existing,00P50206,0,310558.062,4840037.562,-79.428560744,43.700266031000005,"{u'type': u'Point', u'coordinates': (-79.4285607416, 43.7002660358)}"
126948,397,IP-00085,320,Danforth Ave,Danforth Ave,North,Jackman Ave,East,990591,14,Broadview Danforth,Info Pillar,Existing,00P50076,0,316655.983,4837508.96,-79.35296071,43.67743308399999,"{u'type': u'Point', u'coordinates': (-79.3529607069, 43.6774330843)}"
126949,399,IP-00264,200,Eglinton Ave W,Eglinton Ave W,North,Oriole Pkwy,East,880057,8,,Info Pillar - Non Ad,Temporarily Removed,J1680057,0,312427.25399999996,4840603.895,-79.405362021,43.705346903,"{u'type': u'Point', u'coordinates': (-79.4053620152, 43.7053469037)}"
126950,401,IP-00122,70,University Ave,University Ave,West,Wellington St W,North,990672,10,Financial District,Info Pillar,Existing,00P50108,0,314128.537,4834076.964,-79.384365624,43.646576597,"{u'type': u'Point', u'coordinates': (-79.3843656249, 43.6465765971)}"
126951,404,IP-00037,132,John St,John St,West,Richmond St W,South,990544,10,Toronto Entertainment District,Info Pillar,Existing,00P50000,0,313611.641,4834329.444,-79.39076882,43.648855553999994,"{u'type': u'Point', u'coordinates': (-79.3907688174, 43.6488555593)}"
126952,405,IP-00061,1,Blue Jays Way,Bremner Blvd,North,Rees St,East,990501,10,Toronto Entertainment District,Info Pillar,Existing,00P50180,0,313888.09,4833485.534,-79.387356095,43.641255898999994,"{u'type': u'Point', u'coordinates': (-79.3873560919, 43.6412559022)}"
126953,408,IP-00192,839,Yonge St,Yonge St,East,Church St,North,990734,11,,Info Pillar,Existing,00P50178,0,313826.24600000004,4837080.29,-79.388062529,43.673614246999996,"{u'type': u'Point', u'coordinates': (-79.3880625337, 43.6736142507)}"
126954,409,IP-00209,283,Spadina Ave,Spadina Ave,East,Dundas St W,South,880014,10,Chinatown,Info Pillar - Non Ad,Existing,J2080014,0,313044.753,4834766.805,-79.397789413,43.652798895,"{u'type': u'Point', u'coordinates': (-79.3977894075, 43.6527988958)}"
126955,411,IP-00098,355,King St W,King St W,South,Blue Jays Way,East,990652,10,Toronto Entertainment District,Info Pillar,Temporarily Removed,00P50028,0,313510.907,4834014.477,-79.392022619,43.646021618,"{u'type': u'Point', u'coordinates': (-79.3920226164, 43.6460216175)}"
126956,416,IP-00017,429,College St,College St,South,Bathurst St,East,990566,11,,Info Pillar,Existing,00P50042,0,312278.475,4835171.3889999995,-79.407283382,43.656448794,"{u'type': u'Point', u'coordinates': (-79.4072833764, 43.6564487941)}"
126957,421,IP-00833,2337,Dundas St W,Dundas St W,West,Bloor St W,South,TO360-05.11,4,Bloor By The Park,TO360,Existing,,0,308631.977,4835130.953,-79.452492185,43.656112537,"{u'type': u'Point', u'coordinates': (-79.4524921869, 43.6561125433)}"
126958,422,IP-00830,,,Bloor St W,South,Colborne Lodge Dr,East,TO360-05.05,4,,TO360,Existing,,0,307623.327,4834842.649,-79.464998658,43.653521925,"{u'type': u'Point', u'coordinates': (-79.4649986611, 43.6535219303)}"
126959,423,IP-00943,120,Wellington St W,York St,West,Wellington St W,North,TO360-01.32,10,Financial District,TO360,Existing,,0,314227.55199999997,4834091.373,-79.383138007,43.64670505,"{u'type': u'Point', u'coordinates': (-79.383138009, 43.6467050494)}"
126960,424,IP-00950,15,Dufferin St,Dufferin St,East,F G Gardiner Xy E,South,TO360-03.42,10,,TO360,Existing,,0,310834.708,4832624.976,-79.425211328,43.633540725,"{u'type': u'Point', u'coordinates': (-79.425211333, 43.6335407249)}"
126961,425,IP-00956,,,Strachan Ave,West,Lake Shore Blvd W,North,TO360-03.48,10,,TO360,Existing,,0,312139.907,4832739.86,-79.409034345,43.63456311,"{u'type': u'Point', u'coordinates': (-79.4090343455, 43.6345631124)}"
126962,426,IP-00962,341,Yonge St,Gould St,North,Yonge St,East,TO360-04.23,13,Downtown Yonge,TO360,Existing,,0,314383.092,4835291.829,-79.381188675,43.657508768999996,"{u'type': u'Point', u'coordinates': (-79.3811886713, 43.6575087738)}"
126963,427,IP-00971,80,Adelaide St E,Church St,East,Adelaide St E,North,TO360-06.03,13,St. Lawrence Market Neighbourhood,TO360,Existing,,0,314892.16,4834607.382,-79.374890045,43.6513411,"{u'type': u'Point', u'coordinates': (-79.3748900435, 43.6513411042)}"
126964,428,IP-00979,39A,Parliament St,Parliament St,East,Mill St,South,TO360-06.17,10,,TO360,Existing,,0,315947.67699999997,4834423.26,-79.3618089,43.649668688,"{u'type': u'Point', u'coordinates': (-79.3618089018, 43.649668691)}"
126965,429,IP-00984,15,Hubbard Blvd,Hammersmith Ave,West,Hubbard Blvd,South,TO360-09.03,19,,TO360,Existing,,0,321476.837,4836457.214,-79.293204747,43.667873496000006,"{u'type': u'Point', u'coordinates': (-79.2932047476, 43.6678734947)}"
126966,430,IP-00835,1400,Bloor St W,Bloor St W,North,Symington Ave,East,TO360-05.13,9,,TO360,Existing,,0,309035.564,4835276.576,-79.44748748100001,43.657421152,"{u'type': u'Point', u'coordinates': (-79.4474874843, 43.6574211576)}"
126967,431,IP-00841,1985,Dundas St W,Dundas St W,South,Sorauren Ave,West,TO360-05.19,4,,TO360,Existing,,0,309184.63800000004,4834587.541999999,-79.445644861,43.651218058999994,"{u'type': u'Point', u'coordinates': (-79.4456448603, 43.6512180567)}"
126968,432,IP-00847,100,Princes Blvd,Nunavut Rd,East,Princes Blvd,North,TO360-03.30,10,,TO360,Existing,,0,311639.499,4832626.757,-79.415237477,43.633549792,"{u'type': u'Point', u'coordinates': (-79.415237475, 43.6335497963)}"
126969,433,IP-00854,520,Wellington St W,Portland St,East,Wellington St W,North,TO360-03.03,10,,TO360,Existing,,0,312913.17100000003,4833694.984,-79.399436725,43.643152503,"{u'type': u'Point', u'coordinates': (-79.3994367304, 43.6431525054)}"
126970,434,IP-00860,905,King St W,King St W,South,Strachan Ave,West,TO360-03.09,10,,TO360,Existing,,0,311877.863,4833555.024,-79.412271251,43.641903241,"{u'type': u'Point', u'coordinates': (-79.4122712561, 43.6419032432)}"
126971,435,IP-00868,75,Lower Simcoe St,Lower Simcoe St,East,Bremner Blvd,North,TO360-02.04,10,Toronto Entertainment District,TO360,Existing,,0,314163.355,4833631.286,-79.383941752,43.642564456,"{u'type': u'Point', u'coordinates': (-79.3839417534, 43.6425644551)}"
126972,436,IP-00877,55,Simcoe St,Simcoe St,East,Wellington St W,South,TO360-02.13,10,Toronto Entertainment District,TO360,Existing,,0,314046.385,4834004.827,-79.385385194,43.645928293999994,"{u'type': u'Point', u'coordinates': (-79.3853851946, 43.6459282922)}"
126973,437,IP-00883,388,King St W,King St W,North,Peter St,West,TO360-02.27,10,Toronto Entertainment District,TO360,Existing,,0,313469.606,4834017.869,-79.392534517,43.646052631,"{u'type': u'Point', u'coordinates': (-79.3925345139, 43.6460526325)}"
126974,439,IP-01004,30,Donlands Ave,Donlands Ave,West,Strathmore Blvd,South,TO360-07.17,14,,TO360,Existing,,0,317890.515,4837911.78,-79.337640173,43.68103825399999,"{u'type': u'Point', u'coordinates': (-79.3376401769, 43.6810382599)}"
126975,440,IP-00991,5,Christie St,Christie St,East,Bloor St W,North,TO360-07.03,11,,TO360,Existing,,0,311370.245,4836011.982,-79.418533185,43.664023831,"{u'type': u'Point', u'coordinates': (-79.4185331866, 43.6640238328)}"
126976,441,IP-01018,4789,Yonge St,Yonge St,East,Anndale Dr,North,TO360-11.09,18,,TO360,Existing,,0,312011.411,4846703.875,-79.410439951,43.760258316000005,"{u'type': u'Point', u'coordinates': (-79.4104399487, 43.7602583211)}"
126977,442,IP-00999,425,Bloor St E,Bloor St E,South,Sherbourne St,East,TO360-07.11,13,,TO360,Existing,,0,314751.038,4836934.777,-79.37659659100001,43.672292638,"{u'type': u'Point', u'coordinates': (-79.3765965907, 43.672292638)}"
126978,443,IP-00998,250,Bloor St E,Bloor St E,North,Ted Rogers Way,West,TO360-07.10,11,,TO360,Existing,,0,314414.975,4836862.464,-79.38076541,43.67164614399999,"{u'type': u'Point', u'coordinates': (-79.3807654074, 43.6716461495)}"
126979,445,IP-00031,10,Dundas St E,Dundas St E,North,Yonge St,East,990563,13,Downtown Yonge,Info Pillar,Existing,00P50034,0,314442.13300000003,4835180.163,-79.380458675,43.65650286899999,"{u'type': u'Point', u'coordinates': (-79.3804586756, 43.656502868)}"
126980,446,IP-00067,208,Queens Quay W,Queens Quay W,North,York St,West,990505,10,The Waterfront,Info Pillar,Existing,00P50008,0,314439.38399999996,4833347.5139999995,-79.380525465,43.640006596000006,"{u'type': u'Point', u'coordinates': (-79.3805254588, 43.6400065976)}"
126981,452,IP-00948,,,British Columbia Rd,South,Yukon Pl,West,TO360-03.40,10,,TO360,Existing,,0,310653.15,4832410.456,-79.42746372100001,43.631611199,"{u'type': u'Point', u'coordinates': (-79.4274637179, 43.6316111983)}"
126982,453,IP-00862,,,King St W,North,Sudbury St,East,TO360-03.15,10,,TO360,Existing,,0,311480.239,4833464.069,-79.417200847,43.641088198999995,"{u'type': u'Point', u'coordinates': (-79.4172008479, 43.6410881999)}"
126983,454,IP-00994,139,St George St,St George St,East,Bloor St W,North,TO360-07.06,11,,TO360,Existing,,0,312864.94899999996,4836479.643999999,-79.39999285100001,43.668218695,"{u'type': u'Point', u'coordinates': (-79.399992855, 43.6682186989)}"
126984,456,IP-00892,10,Queen St W,Queen St W,North,Yonge St,West,TO360-04.03,13,Downtown Yonge,TO360,Existing,,0,314478.044,4834718.219,-79.38002173699999,43.652344285,"{u'type': u'Point', u'coordinates': (-79.3800217375, 43.6523442888)}"
126985,457,IP-00928,84,Queen's Park,Queen's Park,West,Charles St W,South,TO360-04.51,11,,TO360,Temporarily Removed,,0,313385.57,4836333.598999999,-79.393539378,43.666898273,"{u'type': u'Point', u'coordinates': (-79.3935393739, 43.6668982711)}"
126986,459,IP-00062,325,Front St W,Blue Jays Way,East,Front St W,South,990502,10,Toronto Entertainment District,Info Pillar,Existing,00P50182,0,313606.53,4833633.71,-79.390843518,43.642593071,"{u'type': u'Point', u'coordinates': (-79.390843515, 43.642593073)}"
126987,460,IP-00008,2,St Clair Ave E,Yonge St,East,St Clair Ave E,North,990599,12,Yonge & St. Clair,Info Pillar,Existing,00P50128,0,313337.027,4838716.572,-79.394103593,43.688348691,"{u'type': u'Point', u'coordinates': (-79.3941035878, 43.6883486917)}"
126988,462,IP-00075,421,Eglinton Ave W,Eglinton Ave W,South,Castle Knock Rd,East,990630,12,The Eglinton Way,Info Pillar,Existing,00P50010,0,311942.967,4840444.483,-79.411373094,43.70391681,"{u'type': u'Point', u'coordinates': (-79.4113730926, 43.7039168112)}"
126989,463,IP-00248,383,Jarvis St,Carlton St,South,Jarvis St,East,880048,13,,Info Pillar - Non Ad,Existing,J2780048,0,314763.82300000003,4835835.311000001,-79.376458341,43.66239583,"{u'type': u'Point', u'coordinates': (-79.3764583426, 43.6623958286)}"
126990,465,IP-00938,4881,Yonge St,Yonge St,East,Greenfield Ave,South,TO360-11.07,18,,TO360,Existing,,0,311951.352,4847025.199,-79.411181551,43.763151195,"{u'type': u'Point', u'coordinates': (-79.4111815547, 43.7631511965)}"
126991,466,IP-00974,95,Front St E,Front St E,South,Lower Jarvis St,East,TO360-06.07,13,St. Lawrence Market Neighbourhood,TO360,Existing,,0,315159.002,4834375.553,-79.371586524,43.64925066,"{u'type': u'Point', u'coordinates': (-79.3715865248, 43.6492506646)}"
126992,467,IP-00846,135,Princes Blvd,Lake Shore Blvd W,,New Brunswick Way,,TO360-03.29,10,,TO360,Existing,,0,311690.554,4832442.882,-79.414607087,43.631894197,"{u'type': u'Point', u'coordinates': (-79.41460709, 43.6318941968)}"
126993,468,IP-00885,294,Bremner Blvd,Bremner Blvd,North,Rees St,East,TO360-02.31,10,Toronto Entertainment District,TO360,Existing,,0,313928.277,4833529.625,-79.386857242,43.641652288,"{u'type': u'Point', u'coordinates': (-79.3868572433, 43.6416522892)}"
126994,470,IP-00913,170,Elizabeth St,Elm St,North,Elizabeth St,West,TO360-04.25,11,,TO360,Existing,,0,313989.377,4835235.443,-79.386070904,43.657006188000004,"{u'type': u'Point', u'coordinates': (-79.3860709061, 43.6570061937)}"
126995,475,IP-00068,4881,Yonge St,Yonge St,East,Greenfield Ave,South,990642,18,,Info Pillar,Temporarily Removed,00P50054,0,311958.146,4846985.181,-79.41109770899999,43.762790923999994,"{u'type': u'Point', u'coordinates': (-79.411097708, 43.762790922)}"
126996,476,IP-00222,1258,Queen St W,Queen St W,North,Dufferin St,West,880022,4,Parkdale Village,Info Pillar - Non Ad,Existing,J1480022,0,310538.321,4833590.933999999,-79.428874226,43.642238018,"{u'type': u'Point', u'coordinates': (-79.4288742249, 43.6422380183)}"
126997,480,IP-00965,60,Carlton St,Carlton St,North,Church St,West,TO360-04.28,13,Downtown Yonge,TO360,Existing,,0,314510.767,4835780.241,-79.37959696899999,43.661903474,"{u'type': u'Point', u'coordinates': (-79.3795969731, 43.6619034736)}"
126998,481,IP-00836,1293,Bloor St W,Bloor St W,South,Lansdowne Ave,West,TO360-05.15,9,Bloordale Village,TO360,Existing,,0,309391.505,4835363.888,-79.44307378399999,43.658204972,"{u'type': u'Point', u'coordinates': (-79.4430737879, 43.6582049707)}"
126999,482,IP-00874,325,Front St W,Front St W,South,Blue Jays Way,East,TO360-02.10,10,Toronto Entertainment District,TO360,Existing,,0,313600.003,4833724.522,-79.390922941,43.643410581000005,"{u'type': u'Point', u'coordinates': (-79.3909229377, 43.6434105814)}"
127000,483,IP-00879,460,King St W,King St W,North,Spadina Ave,West,TO360-02.16,10,,TO360,Existing,,0,313241.335,4833952.574,-79.395365095,43.645467516000004,"{u'type': u'Point', u'coordinates': (-79.395365099, 43.6454675141)}"
127001,484,IP-01002,90,Danforth Ave,Broadview Ave,East,Danforth Ave,North,TO360-07.14,14,Broadview Danforth,TO360,Existing,,0,316183.591,4837406.777,-79.358821505,43.676520685,"{u'type': u'Point', u'coordinates': (-79.3588215065, 43.6765206912)}"
127002,487,IP-00300,109,Adelaide St W,York St,East,Adelaide St W,South,TOP-01.09,10,Financial District,TO360,Temporarily Removed,,0,314168.313,4834358.449,-79.38386769600001,43.649109843000005,"{u'type': u'Point', u'coordinates': (-79.3838676904, 43.6491098414)}"
127003,491,IP-01022,5025,Yonge St,Yonge St,East,Elmwood Ave,North,TO360-11.04,18,,TO360,Existing,,0,311876.328,4847432.069,-79.41210797800001,43.766814219,"{u'type': u'Point', u'coordinates': (-79.4121079757, 43.7668142226)}"
127004,494,IP-00955,105,Princes' Blvd,Princes' Blvd,South,Newfoundland Rd,East,TO360-03.47,10,,TO360,Existing,,0,311940.767,4832685.565,-79.41150305800001,43.634076318000005,"{u'type': u'Point', u'coordinates': (-79.4115030611, 43.6340763199)}"
127005,495,IP-00870,300,Bremner Blvd,Bremner Blvd,North,Rees St,West,TO360-02.06,10,Toronto Entertainment District,TO360,Existing,,0,313850.273,4833448.77,-79.387825436,43.640925438000004,"{u'type': u'Point', u'coordinates': (-79.387825436, 43.6409254372)}"
127006,496,IP-00997,639,Yonge St,Yonge St,East,Isabella St,North,TO360-07.09,13,,TO360,Existing,,0,314024.601,4836420.491,-79.38561395100001,43.667672756,"{u'type': u'Point', u'coordinates': (-79.3856139522, 43.6676727592)}"
127007,499,IP-00931,6,Queen's Park Cres W,Queen's Park Cres W,South,Queen's Park,West,TO360-04.40,11,,TO360,Existing,,0,313545.814,4835644.256,-79.39156353,43.660691401,"{u'type': u'Point', u'coordinates': (-79.3915635293, 43.6606914036)}"
127008,500,IP-00313,,,Yonge St,West,Merton St,South,990760,12,,Info Pillar,Existing,00P50210,0,313175.106,4839492.625,-79.396100054,43.695336006000005,"{u'type': u'Point', u'coordinates': (-79.3961000533, 43.6953360059)}"
127009,501,IP-00936,16,Wellesley St E,Wellesley St E,North,Yonge St,East,TO360-04.46,13,,TO360,Existing,,0,314180.673,4836143.186000001,-79.383683467,43.665174695,"{u'type': u'Point', u'coordinates': (-79.3836834664, 43.665174696)}"
127010,503,IP-00267,468,Queen St W,Queen St W,North,Augusta Ave,West,880060,10,Queen Street West,Info Pillar - Non Ad,Existing,J2080060,0,312867.692,4834241.1280000005,-79.399992294,43.648069036,"{u'type': u'Point', u'coordinates': (-79.3999922894, 43.648069036)}"
127011,504,IP-00271,1282,Dundas St W,Dundas St W,North,Dovercourt Rd,West,880064,9,Little Portugal,Info Pillar - Non Ad,Existing,J1880064,0,310819.378,4834400.245,-79.425381543,43.649520693,"{u'type': u'Point', u'coordinates': (-79.4253815443, 43.649520698)}"
127012,505,IP-00992,532,Bloor St W,Bathurst St,East,Bloor St W,North,TO360-07.04,11,Bloor Annex,TO360,Existing,,0,311958.61,4836172.4860000005,-79.411235717,43.665463145,"{u'type': u'Point', u'coordinates': (-79.4112357184, 43.6654631499)}"
127013,507,IP-00051,55,John St,King St W,South,John St,East,990541,10,Toronto Entertainment District,Info Pillar,Existing,00P50002,0,313717.932,4834075.941000001,-79.389455396,43.646572422,"{u'type': u'Point', u'coordinates': (-79.3894553963, 43.6465724238)}"
127014,511,IP-00040,101,Spadina Ave,Spadina Ave,East,Adelaide St W,South,990526,10,Toronto Entertainment District,Info Pillar,Existing,00P50046,0,313253.752,4834058.297,-79.395209531,43.646419024,"{u'type': u'Point', u'coordinates': (-79.3952095296, 43.6464190232)}"
127015,512,IP-00946,151,Yonge St,Yonge St,East,Richmond St E,South,TO360-01.36,13,Financial District,TO360,Existing,,0,314575.76,4834631.613,-79.378811923,43.65156344,"{u'type': u'Point', u'coordinates': (-79.378811927, 43.6515634411)}"
127016,513,IP-00981,1881,Queen St E,Queen St E,South,Woodbine Ave,East,TO360-09.07,19,The Beach,TO360,Existing,,0,320480.401,4836550.206,-79.305557928,43.668732223,"{u'type': u'Point', u'coordinates': (-79.3055579274, 43.6687322263)}"
127017,514,IP-00856,51,Bathurst St,Bathurst St,East,Wellington St W,North,TO360-03.05,10,,TO360,Existing,,0,312700.892,4833653.051,-79.402068555,43.642777333999994,"{u'type': u'Point', u'coordinates': (-79.4020685514, 43.6427773358)}"
127018,515,IP-01001,600,Bloor St E,Castle Frank Rd,West,Bloor St E,North,TO360-07.13,11,,TO360,Existing,,0,315408.652,4837115.925,-79.368437935,43.673914106000005,"{u'type': u'Point', u'coordinates': (-79.3684379392, 43.6739141112)}"
127019,516,IP-00995,1234,Bay St,Bay St,West,Cumberland St,South,TO360-07.07,11,Bloor-Yorkville,TO360,Existing,,0,313682.614,4836714.967,-79.389849771,43.670327588999996,"{u'type': u'Point', u'coordinates': (-79.3898497728, 43.6703275952)}"
127020,519,IP-00963,382,Yonge St,Yonge St,West,Gerrard St W,North,TO360-04.26,11,Downtown Yonge,TO360,Existing,,0,314294.473,4835480.393,-79.382284051,43.659207237,"{u'type': u'Point', u'coordinates': (-79.3822840529, 43.6592072372)}"
127021,520,IP-00924,214,College St,College St,North,St George St,West,TO360-04.31,11,,TO360,Existing,,0,313160.033,4835423.266,-79.396350114,43.658706634,"{u'type': u'Point', u'coordinates': (-79.3963501151, 43.6587066365)}"
127022,521,IP-00286,6,Front St E,Front St E,North,Scott St,West,TOP-01.06,13,St. Lawrence Market Neighbourhood,TO360,Existing,,0,314807.623,4834174.204,-79.375946048,43.647443065,"{u'type': u'Point', u'coordinates': (-79.3759460502, 43.6474430631)}"
127023,523,IP-00029,610,Bay St,Bay St,West,Edward St,South,990517,11,,Info Pillar,Existing,00P50082,0,314153.593,4835146.476,-79.384036518,43.656203327,"{u'type': u'Point', u'coordinates': (-79.3840365157, 43.6562033249)}"
127024,524,IP-00257,641,Bay St,Bay St,East,Elm St,South,880047,11,Downtown Yonge,Info Pillar - Non Ad,Existing,J2780047,0,314151.13899999997,4835218.995,-79.384065678,43.65685612,"{u'type': u'Point', u'coordinates': (-79.3840656838, 43.6568561235)}"
127025,525,IP-00177,1752,Bayview Ave,Bayview Ave,West,Eglinton Ave E,South,990720,15,,Info Pillar,Temporarily Removed,00P50150,0,314695.31899999996,4841216.01,-79.377208965,43.710829938,"{u'type': u'Point', u'coordinates': (-79.3772089662, 43.7108299396)}"
127026,527,IP-00182,1075,Bay St,Bay St,East,St Mary St,South,990726,13,,Info Pillar,Existing,00P50158,0,313812.375,4836364.289,-79.388246505,43.667169472,"{u'type': u'Point', u'coordinates': (-79.3882465111, 43.6671694702)}"
127027,528,IP-00976,251,King St E,King St E,South,Sherbourne St,East,TO360-06.11,13,St. Lawrence Market Neighbourhood,TO360,Existing,,0,315444.174,4834596.866,-79.368047093,43.651238748000004,"{u'type': u'Point', u'coordinates': (-79.3680470901, 43.651238752)}"
127028,529,IP-00844,10,Nova Scotia Ave,Nova Scotia Ave,West,Manitoba Dr,South,TO360-03.25,10,,TO360,Existing,,0,311384.608,4832739.641,-79.418394982,43.634568205,"{u'type': u'Point', u'coordinates': (-79.4183949838, 43.6345682063)}"
